"iso","year","maternal_mortality","Neonatal_Mortality","Infant_Mortality","Under5_Mortality","disaster_type","earthquake","drought","total_conflicts","binary_conflict"
"AFG",2000,1450,60.9,90.5,129.2,NA,NA,NA,5394,1
"AFG",2001,1390,59.7,87.9,125.2,NA,NA,NA,5553,1
"AFG",2002,1300,58.5,85.3,121.1,NA,NA,NA,1157,1
"AFG",2003,1240,57.2,82.7,116.9,NA,NA,NA,944,1
"AFG",2004,1180,55.9,80,112.6,NA,NA,NA,817,1
"AFG",2005,1140,54.6,77.3,108.4,NA,NA,NA,1711,1
"AFG",2006,1120,53.2,74.6,104.1,NA,NA,NA,4982,1
"AFG",2007,1090,51.7,71.9,99.9,NA,NA,NA,7020,1
"AFG",2008,1030,50.3,69.2,95.7,NA,NA,NA,5660,1
"AFG",2009,993,48.9,66.7,91.7,"Earthquake",1,0,6499,1
"AFG",2010,954,47.4,64.2,87.8,"Earthquake",1,0,7151,1
"AFG",2011,905,46,61.8,84,"Drought",0,1,7563,1
"AFG",2012,858,44.6,59.5,80.3,"Earthquake",1,0,7824,1
"AFG",2013,810,43.2,57.3,76.9,"Earthquake",1,0,8131,1
"AFG",2014,786,41.9,55.2,73.6,NA,NA,NA,12549,1
"AFG",2015,701,40.5,53.2,70.4,"Earthquake",1,0,17987,1
"AFG",2015,701,40.5,53.2,70.4,"Earthquake",1,0,17987,1
"AFG",2016,673,39.3,51.3,67.5,NA,NA,NA,18719,1
"AFG",2017,638,38.2,49.5,64.8,NA,NA,NA,19776,1
"AFG",2018,NA,37.2,47.9,62.3,"Drought",0,1,26889,NA
"AFG",2019,NA,36.1,46.4,60.1,NA,NA,NA,NA,NA
"AGO",2000,827,50.3,121.5,204.4,NA,NA,NA,1206,1
"AGO",2001,766,49.2,118.2,198.4,NA,NA,NA,2154,1
"AGO",2002,690,48,114.5,191.5,NA,NA,NA,579,1
"AGO",2003,628,46.5,110.4,183.8,NA,NA,NA,84,1
"AGO",2004,574,45.1,105.7,175.1,NA,NA,NA,38,1
"AGO",2005,519,43.5,100.9,166.1,NA,NA,NA,15,1
"AGO",2006,473,42,95.7,156.4,NA,NA,NA,3,1
"AGO",2007,431,40.5,90.6,147,NA,NA,NA,26,1
"AGO",2008,395,39,85.5,137.7,NA,NA,NA,4,1
"AGO",2009,359,37.7,80.6,128.7,NA,NA,NA,25,1
"AGO",2010,326,36.3,75.9,120.4,NA,NA,NA,10,1
"AGO",2011,300,35.1,71.5,112.5,NA,NA,NA,1,0
"AGO",2012,281,33.8,67.4,105.1,"Drought",0,1,0,1
"AGO",2013,269,32.7,63.7,98.5,NA,NA,NA,2,0
"AGO",2014,258,31.7,60.5,92.9,NA,NA,NA,0,1
"AGO",2015,251,30.8,57.7,88.1,NA,NA,NA,1,1
"AGO",2016,246,30,55.5,84.1,NA,NA,NA,26,1
"AGO",2017,241,29.2,53.5,80.6,"Drought",0,1,26,1
"AGO",2018,NA,28.6,51.7,77.3,NA,NA,NA,24,NA
"AGO",2019,NA,27.9,49.9,74.2,NA,NA,NA,NA,NA
"ALB",2000,23,12.1,24.1,27.2,NA,NA,NA,0,0
"ALB",2001,23,11.8,22.9,25.8,NA,NA,NA,0,0
"ALB",2002,21,11.4,21.7,24.4,NA,NA,NA,0,0
"ALB",2003,21,11.1,20.4,23,NA,NA,NA,0,0
"ALB",2004,18,10.9,19.1,21.5,NA,NA,NA,0,0
"ALB",2005,22,10.6,17.8,20,NA,NA,NA,0,0
"ALB",2006,18,10,16.6,18.5,NA,NA,NA,0,0
"ALB",2007,19,9.2,15.3,17.1,NA,NA,NA,0,0
"ALB",2008,20,8.3,14.1,15.8,NA,NA,NA,0,0
"ALB",2009,20,7.4,12.9,14.5,"Earthquake",1,0,0,0
"ALB",2010,21,6.7,11.8,13.3,NA,NA,NA,0,0
"ALB",2011,22,6.2,10.8,12.1,NA,NA,NA,0,0
"ALB",2012,17,6,10,11.2,NA,NA,NA,0,0
"ALB",2013,16,5.9,9.3,10.4,NA,NA,NA,0,0
"ALB",2014,16,5.9,8.8,9.9,NA,NA,NA,0,0
"ALB",2015,15,6,8.5,9.6,NA,NA,NA,0,0
"ALB",2016,16,6.3,8.4,9.4,NA,NA,NA,0,0
"ALB",2017,15,6.7,8.4,9.4,NA,NA,NA,0,0
"ALB",2018,NA,7.1,8.5,9.5,NA,NA,NA,0,NA
"ALB",2019,NA,7.5,8.6,9.7,"Earthquake",1,0,NA,NA
"ALB",2019,NA,7.5,8.6,9.7,"Earthquake",1,0,NA,NA
"ALB",2019,NA,7.5,8.6,9.7,"Earthquake",1,0,NA,NA
"AND",2000,NA,3.8,7.3,8.2,NA,NA,NA,0,0
"AND",2001,NA,3.6,6.9,7.7,NA,NA,NA,0,0
"AND",2002,NA,3.3,6.5,7.3,NA,NA,NA,0,0
"AND",2003,NA,3.2,6.2,6.9,NA,NA,NA,0,0
"AND",2004,NA,3,5.9,6.5,NA,NA,NA,0,0
"AND",2005,NA,2.9,5.6,6.1,NA,NA,NA,0,0
"AND",2006,NA,2.7,5.3,5.8,NA,NA,NA,0,0
"AND",2007,NA,2.6,5,5.4,NA,NA,NA,0,0
"AND",2008,NA,2.5,4.7,5.1,NA,NA,NA,0,0
"AND",2009,NA,2.3,4.4,4.8,NA,NA,NA,0,0
"AND",2010,NA,2.2,4.1,4.5,NA,NA,NA,0,0
"AND",2011,NA,2.1,3.9,4.2,NA,NA,NA,0,0
"AND",2012,NA,2,3.7,4,NA,NA,NA,0,0
"AND",2013,NA,1.9,3.5,3.8,NA,NA,NA,0,0
"AND",2014,NA,1.8,3.3,3.5,NA,NA,NA,0,0
"AND",2015,NA,1.7,3.1,3.3,NA,NA,NA,0,0
"AND",2016,NA,1.6,2.9,3.2,NA,NA,NA,0,0
"AND",2017,NA,1.5,2.8,3,NA,NA,NA,0,0
"AND",2018,NA,1.4,2.6,2.8,NA,NA,NA,0,NA
"AND",2019,NA,1.4,2.5,2.7,NA,NA,NA,NA,NA
"ARE",2000,6,5.9,9.6,11.1,NA,NA,NA,0,0
"ARE",2001,6,5.7,9.3,10.9,NA,NA,NA,0,0
"ARE",2002,5,5.6,9.1,10.6,NA,NA,NA,0,0
"ARE",2003,5,5.5,8.9,10.3,NA,NA,NA,0,0
"ARE",2004,5,5.3,8.6,10.1,NA,NA,NA,0,0
"ARE",2005,5,5.2,8.4,9.8,NA,NA,NA,0,0
"ARE",2006,4,5.1,8.2,9.6,NA,NA,NA,0,0
"ARE",2007,4,5,8.1,9.4,NA,NA,NA,0,0
"ARE",2008,4,4.9,7.9,9.2,NA,NA,NA,0,0
"ARE",2009,4,4.8,7.6,8.9,NA,NA,NA,0,1
"ARE",2010,4,4.6,7.4,8.7,NA,NA,NA,1,0
"ARE",2011,4,4.5,7.2,8.4,NA,NA,NA,0,0
"ARE",2012,4,4.4,7,8.2,NA,NA,NA,0,0
"ARE",2013,3,4.3,6.8,8,NA,NA,NA,0,0
"ARE",2014,3,4.2,6.7,7.8,NA,NA,NA,0,0
"ARE",2015,3,4.1,6.5,7.6,NA,NA,NA,0,0
"ARE",2016,3,4,6.3,7.4,NA,NA,NA,0,0
"ARE",2017,3,3.9,6.2,7.2,NA,NA,NA,0,0
"ARE",2018,NA,3.8,6,7,NA,NA,NA,0,NA
"ARE",2019,NA,3.7,5.8,6.8,NA,NA,NA,NA,NA
"ARG",2000,66,11,17.5,19.6,NA,NA,NA,0,0
"ARG",2001,67,11,16.9,18.9,NA,NA,NA,0,0
"ARG",2002,65,10.8,16.4,18.3,NA,NA,NA,0,0
"ARG",2003,65,10.3,15.8,17.7,NA,NA,NA,0,0
"ARG",2004,61,9.7,15.3,17.1,NA,NA,NA,0,0
"ARG",2005,59,9.1,14.8,16.5,NA,NA,NA,0,0
"ARG",2006,57,8.7,14.4,16.1,NA,NA,NA,0,0
"ARG",2007,56,8.4,14,15.7,NA,NA,NA,0,0
"ARG",2008,53,8.1,13.7,15.3,NA,NA,NA,0,0
"ARG",2009,56,7.8,13.3,14.9,"Drought",0,1,0,0
"ARG",2010,51,7.6,12.9,14.5,NA,NA,NA,0,0
"ARG",2011,48,7.5,12.4,13.9,NA,NA,NA,0,0
"ARG",2012,47,7.6,11.9,13.3,NA,NA,NA,0,0
"ARG",2013,44,7.4,11.3,12.7,NA,NA,NA,0,0
"ARG",2014,42,6.9,10.8,12.1,NA,NA,NA,0,0
"ARG",2015,41,6.5,10.2,11.5,NA,NA,NA,0,0
"ARG",2016,40,6.4,9.7,10.9,NA,NA,NA,0,0
"ARG",2017,39,6.3,9.2,10.3,NA,NA,NA,0,0
"ARG",2018,NA,6,8.6,9.7,"Drought",0,1,0,NA
"ARG",2019,NA,5.3,8.1,9.1,"Drought",0,1,NA,NA
"ARM",2000,43,16.1,27,30.6,NA,NA,NA,0,0
"ARM",2001,42,15.3,25.7,29.1,NA,NA,NA,0,0
"ARM",2002,39,14.5,24.5,27.7,NA,NA,NA,0,0
"ARM",2003,38,13.8,23.3,26.3,NA,NA,NA,0,0
"ARM",2004,36,13.1,22.2,25,NA,NA,NA,0,1
"ARM",2005,35,12.5,21.1,23.7,NA,NA,NA,1,1
"ARM",2006,36,11.9,20,22.5,NA,NA,NA,2,0
"ARM",2007,32,11.3,19,21.4,NA,NA,NA,0,0
"ARM",2008,36,10.7,18.1,20.3,NA,NA,NA,0,0
"ARM",2009,32,10.1,17.2,19.2,NA,NA,NA,0,0
"ARM",2010,32,9.6,16.3,18.3,NA,NA,NA,0,0
"ARM",2011,30,9.1,15.5,17.3,NA,NA,NA,0,1
"ARM",2012,30,8.7,14.7,16.4,NA,NA,NA,9,1
"ARM",2013,26,8.2,14,15.6,NA,NA,NA,1,0
"ARM",2014,27,7.8,13.3,14.8,NA,NA,NA,0,1
"ARM",2015,28,7.4,12.6,14.1,NA,NA,NA,16,1
"ARM",2016,26,7,12,13.4,NA,NA,NA,4,0
"ARM",2017,26,6.7,11.3,12.7,NA,NA,NA,0,1
"ARM",2018,NA,6.4,10.8,12.1,NA,NA,NA,1,NA
"ARM",2019,NA,6,10.2,11.5,NA,NA,NA,NA,NA
"ATG",2000,44,9.7,12.6,15.5,NA,NA,NA,0,0
"ATG",2001,44,9.5,12.3,15.1,NA,NA,NA,0,0
"ATG",2002,43,9.3,11.9,14.6,NA,NA,NA,0,0
"ATG",2003,44,8.9,11.5,14.1,NA,NA,NA,0,0
"ATG",2004,41,8.6,11,13.5,NA,NA,NA,0,0
"ATG",2005,40,8.2,10.6,12.9,NA,NA,NA,0,0
"ATG",2006,46,7.7,10.1,12.3,NA,NA,NA,0,0
"ATG",2007,48,7.3,9.6,11.7,NA,NA,NA,0,0
"ATG",2008,50,6.8,9.2,11.1,NA,NA,NA,0,0
"ATG",2009,45,6.3,8.7,10.6,NA,NA,NA,0,0
"ATG",2010,44,5.8,8.3,10,NA,NA,NA,0,0
"ATG",2011,43,5.4,7.9,9.5,NA,NA,NA,0,0
"ATG",2012,44,5.1,7.5,9,NA,NA,NA,0,0
"ATG",2013,43,4.7,7.1,8.5,NA,NA,NA,0,0
"ATG",2014,42,4.5,6.8,8.1,NA,NA,NA,0,0
"ATG",2015,43,4.2,6.5,7.8,NA,NA,NA,0,0
"ATG",2016,43,4.1,6.2,7.4,NA,NA,NA,0,0
"ATG",2017,42,3.9,6,7.1,NA,NA,NA,0,0
"ATG",2018,NA,3.8,5.8,6.9,NA,NA,NA,0,NA
"ATG",2019,NA,3.6,5.6,6.6,NA,NA,NA,NA,NA
"AUS",2000,7,3.5,5.1,6.2,NA,NA,NA,0,0
"AUS",2001,6,3.5,5,6.1,NA,NA,NA,0,0
"AUS",2002,6,3.4,5,6,NA,NA,NA,0,0
"AUS",2003,6,3.4,4.9,5.9,NA,NA,NA,0,0
"AUS",2004,5,3.3,4.8,5.8,NA,NA,NA,0,0
"AUS",2005,5,3.2,4.8,5.7,NA,NA,NA,0,0
"AUS",2006,5,3.1,4.7,5.6,NA,NA,NA,0,0
"AUS",2007,5,3,4.5,5.4,NA,NA,NA,0,0
"AUS",2008,5,2.9,4.4,5.2,NA,NA,NA,0,0
"AUS",2009,5,2.8,4.2,5,NA,NA,NA,0,0
"AUS",2010,5,2.7,4,4.8,NA,NA,NA,0,0
"AUS",2011,6,2.6,3.8,4.5,NA,NA,NA,0,0
"AUS",2012,6,2.5,3.6,4.3,NA,NA,NA,0,0
"AUS",2013,6,2.4,3.5,4.1,NA,NA,NA,0,0
"AUS",2014,6,2.4,3.4,4,NA,NA,NA,0,0
"AUS",2015,6,2.3,3.3,3.9,NA,NA,NA,0,0
"AUS",2016,6,2.3,3.2,3.8,NA,NA,NA,0,0
"AUS",2017,6,2.3,3.2,3.8,NA,NA,NA,0,1
"AUS",2018,NA,2.3,3.2,3.7,"Drought",0,1,2,NA
"AUS",2019,NA,2.4,3.2,3.7,NA,NA,NA,NA,NA
"AUT",2000,6,3.1,4.6,5.5,NA,NA,NA,0,0
"AUT",2001,6,3.1,4.5,5.4,NA,NA,NA,0,0
"AUT",2002,6,3.1,4.4,5.3,NA,NA,NA,0,0
"AUT",2003,6,3,4.3,5.2,NA,NA,NA,0,0
"AUT",2004,5,2.9,4.2,5.1,NA,NA,NA,0,0
"AUT",2005,6,2.8,4.1,4.9,NA,NA,NA,0,0
"AUT",2006,5,2.8,3.9,4.7,NA,NA,NA,0,0
"AUT",2007,5,2.7,3.8,4.6,NA,NA,NA,0,0
"AUT",2008,5,2.6,3.8,4.5,NA,NA,NA,0,0
"AUT",2009,5,2.6,3.7,4.5,NA,NA,NA,0,0
"AUT",2010,5,2.5,3.6,4.3,NA,NA,NA,0,0
"AUT",2011,5,2.4,3.5,4.2,NA,NA,NA,0,0
"AUT",2012,5,2.4,3.3,4,NA,NA,NA,0,0
"AUT",2013,5,2.3,3.2,3.9,NA,NA,NA,0,0
"AUT",2014,5,2.3,3.1,3.8,NA,NA,NA,0,0
"AUT",2015,5,2.2,3,3.7,NA,NA,NA,0,0
"AUT",2016,5,2.2,3,3.6,NA,NA,NA,0,0
"AUT",2017,5,2.2,2.9,3.6,NA,NA,NA,0,0
"AUT",2018,NA,2.2,2.9,3.6,NA,NA,NA,0,NA
"AUT",2019,NA,2.3,2.9,3.6,NA,NA,NA,NA,NA
"AZE",2000,47,34.3,60.9,74.4,NA,NA,NA,13,1
"AZE",2001,44,32.8,57.2,69.3,NA,NA,NA,6,0
"AZE",2002,43,31.3,53.5,64.3,NA,NA,NA,0,0
"AZE",2003,44,29.8,50.1,59.7,NA,NA,NA,0,1
"AZE",2004,39,28.3,47,55.6,NA,NA,NA,8,1
"AZE",2005,42,26.8,44.1,51.9,NA,NA,NA,24,1
"AZE",2006,35,25.5,41.5,48.6,NA,NA,NA,5,1
"AZE",2007,34,24.1,39.1,45.5,NA,NA,NA,12,1
"AZE",2008,32,22.8,36.8,42.7,NA,NA,NA,30,1
"AZE",2009,32,21.6,34.7,39.9,NA,NA,NA,7,1
"AZE",2010,31,20.3,32.5,37.3,NA,NA,NA,20,1
"AZE",2011,30,18.8,30.5,34.9,NA,NA,NA,21,1
"AZE",2012,29,17.3,28.5,32.5,"Earthquake",1,0,16,1
"AZE",2012,29,17.3,28.5,32.5,"Earthquake",1,0,16,1
"AZE",2013,28,16,26.7,30.3,NA,NA,NA,11,1
"AZE",2014,28,14.7,24.9,28.2,NA,NA,NA,46,1
"AZE",2015,27,13.5,23.3,26.3,NA,NA,NA,63,1
"AZE",2016,26,12.5,21.8,24.5,NA,NA,NA,137,1
"AZE",2017,26,11.7,20.3,22.8,NA,NA,NA,36,1
"AZE",2018,NA,10.9,19.2,21.5,NA,NA,NA,16,NA
"AZE",2019,NA,10.4,18.2,20.4,NA,NA,NA,NA,NA
"BDI",2000,1010,36.6,94.7,154.5,NA,NA,NA,2071,1
"BDI",2001,956,36,91.9,149.4,NA,NA,NA,1253,1
"BDI",2002,925,35.4,88.9,143.8,NA,NA,NA,1576,1
"BDI",2003,890,34.8,85.7,138.1,NA,NA,NA,1245,1
"BDI",2004,844,34.1,82.3,131.9,NA,NA,NA,679,1
"BDI",2005,814,33.2,78.4,124.9,NA,NA,NA,378,1
"BDI",2006,785,32.3,74.4,117.6,NA,NA,NA,185,1
"BDI",2007,756,31.3,70.4,110.5,NA,NA,NA,79,1
"BDI",2008,733,30.2,66.5,103.6,NA,NA,NA,220,0
"BDI",2009,698,29.2,62.9,97.1,"Drought",0,1,0,0
"BDI",2010,665,28.2,59.4,91,"Drought",0,1,0,1
"BDI",2011,635,27.1,56.3,85.5,NA,NA,NA,1,1
"BDI",2012,608,26.1,53.4,80.3,NA,NA,NA,9,1
"BDI",2013,591,25.2,50.7,75.5,NA,NA,NA,9,1
"BDI",2014,576,24.4,48.2,71.3,NA,NA,NA,70,1
"BDI",2015,568,23.6,46.2,67.6,NA,NA,NA,260,1
"BDI",2016,558,23,44.4,64.4,NA,NA,NA,81,1
"BDI",2017,548,22.4,42.7,61.5,NA,NA,NA,43,1
"BDI",2018,NA,21.8,41.3,59,NA,NA,NA,113,NA
"BDI",2019,NA,21.3,39.9,56.6,NA,NA,NA,NA,NA
"BEL",2000,8,3,4.8,5.8,NA,NA,NA,0,0
"BEL",2001,8,2.8,4.6,5.6,NA,NA,NA,0,0
"BEL",2002,7,2.8,4.4,5.4,NA,NA,NA,0,0
"BEL",2003,7,2.7,4.3,5.2,NA,NA,NA,0,0
"BEL",2004,7,2.7,4.2,5.1,NA,NA,NA,0,0
"BEL",2005,7,2.6,4,4.9,NA,NA,NA,0,0
"BEL",2006,7,2.6,4,4.8,NA,NA,NA,0,0
"BEL",2007,7,2.5,3.9,4.7,NA,NA,NA,0,0
"BEL",2008,7,2.5,3.8,4.6,NA,NA,NA,0,0
"BEL",2009,6,2.4,3.7,4.5,NA,NA,NA,0,0
"BEL",2010,6,2.3,3.6,4.4,NA,NA,NA,0,0
"BEL",2011,6,2.3,3.6,4.4,NA,NA,NA,0,0
"BEL",2012,6,2.3,3.5,4.3,NA,NA,NA,0,0
"BEL",2013,6,2.3,3.4,4.2,NA,NA,NA,0,0
"BEL",2014,6,2.3,3.3,4.1,NA,NA,NA,0,0
"BEL",2015,5,2.3,3.3,4.1,NA,NA,NA,0,1
"BEL",2016,5,2.3,3.3,4.1,NA,NA,NA,34,0
"BEL",2017,5,2.3,3.3,4.1,NA,NA,NA,0,1
"BEL",2018,NA,2.4,3.4,4.2,NA,NA,NA,4,NA
"BEL",2019,NA,2.4,3.4,4.2,NA,NA,NA,NA,NA
"BEN",2000,520,39,85,136.8,NA,NA,NA,0,0
"BEN",2001,516,38.3,83.3,133.7,NA,NA,NA,0,0
"BEN",2002,511,37.6,81.5,130.5,NA,NA,NA,0,0
"BEN",2003,510,36.8,79.8,127.4,NA,NA,NA,0,0
"BEN",2004,505,36.2,78.2,124.4,NA,NA,NA,0,0
"BEN",2005,500,35.8,76.5,121.5,NA,NA,NA,0,0
"BEN",2006,493,35.3,75,118.8,NA,NA,NA,0,0
"BEN",2007,486,35,73.6,116.2,NA,NA,NA,0,0
"BEN",2008,480,34.6,72.2,113.7,NA,NA,NA,0,0
"BEN",2009,471,34.3,70.9,111.3,NA,NA,NA,0,0
"BEN",2010,464,33.9,69.6,109,NA,NA,NA,0,0
"BEN",2011,458,33.5,68.3,106.7,NA,NA,NA,0,0
"BEN",2012,450,33.1,67,104.4,NA,NA,NA,0,0
"BEN",2013,441,32.7,65.7,102.1,NA,NA,NA,0,0
"BEN",2014,432,32.3,64.4,99.8,NA,NA,NA,0,0
"BEN",2015,421,31.9,63.2,97.6,NA,NA,NA,0,0
"BEN",2016,408,31.5,61.9,95.4,NA,NA,NA,0,0
"BEN",2017,397,31.1,60.6,93.2,NA,NA,NA,0,0
"BEN",2018,NA,30.6,59.3,90.9,NA,NA,NA,0,NA
"BEN",2019,NA,30.2,57.9,88.4,NA,NA,NA,NA,NA
"BFA",2000,516,40.7,90.9,178.9,NA,NA,NA,0,0
"BFA",2001,501,39.9,89.3,174.9,NA,NA,NA,0,0
"BFA",2002,486,39.2,87.6,170.4,NA,NA,NA,0,0
"BFA",2003,471,38.3,85.5,165.3,NA,NA,NA,0,0
"BFA",2004,454,37.2,83.3,159.5,NA,NA,NA,0,0
"BFA",2005,437,36,80.8,153.1,NA,NA,NA,0,0
"BFA",2006,422,34.8,78.1,146.3,NA,NA,NA,0,0
"BFA",2007,410,33.7,75.4,139.5,NA,NA,NA,0,0
"BFA",2008,401,32.7,72.7,132.9,NA,NA,NA,0,0
"BFA",2009,393,31.9,70.3,126.9,NA,NA,NA,0,0
"BFA",2010,385,31.2,68.1,121.5,NA,NA,NA,0,0
"BFA",2011,377,30.5,66.3,116.9,"Drought",0,1,0,0
"BFA",2012,369,29.9,64.4,112.5,NA,NA,NA,0,0
"BFA",2013,362,29.3,62.7,108.3,NA,NA,NA,0,0
"BFA",2014,353,28.8,61.2,104.5,"Drought",0,1,0,0
"BFA",2015,343,28.2,59.6,100.9,NA,NA,NA,0,1
"BFA",2016,331,27.7,58.2,97.5,NA,NA,NA,26,1
"BFA",2017,320,27.3,56.7,94.1,NA,NA,NA,54,1
"BFA",2018,NA,26.7,55.4,90.8,NA,NA,NA,195,NA
"BFA",2019,NA,26.2,54.1,87.8,NA,NA,NA,NA,NA
"BGD",2000,434,44,63.1,86,NA,NA,NA,105,1
"BGD",2001,423,42.2,60,81.1,NA,NA,NA,62,1
"BGD",2002,410,40.4,57,76.5,NA,NA,NA,6,1
"BGD",2003,395,38.8,54.3,72.3,NA,NA,NA,8,1
"BGD",2004,372,37.3,51.8,68.3,NA,NA,NA,51,1
"BGD",2005,343,35.9,49.4,64.6,NA,NA,NA,80,1
"BGD",2006,315,34.5,47,61,NA,NA,NA,96,1
"BGD",2007,297,33.1,44.8,57.8,NA,NA,NA,18,1
"BGD",2008,280,31.8,42.7,54.7,NA,NA,NA,13,1
"BGD",2009,269,30.6,40.7,51.8,"Drought",0,1,10,1
"BGD",2010,258,29.4,38.9,49.1,NA,NA,NA,5,0
"BGD",2011,248,28.2,37.2,46.7,NA,NA,NA,0,1
"BGD",2012,238,27.1,35.6,44.4,NA,NA,NA,2,1
"BGD",2013,227,25.9,34,42.2,NA,NA,NA,54,1
"BGD",2014,214,24.8,32.5,40.1,NA,NA,NA,2,1
"BGD",2015,200,23.6,31,38.1,"Earthquake",1,0,10,1
"BGD",2016,186,22.4,29.6,36.1,"Earthquake",1,0,73,1
"BGD",2017,173,20.9,28.2,34.2,NA,NA,NA,48,1
"BGD",2018,NA,19.7,26.8,32.4,NA,NA,NA,28,NA
"BGD",2019,NA,18.5,25.5,30.7,NA,NA,NA,NA,NA
"BGR",2000,19,7.9,14.4,17.5,NA,NA,NA,0,0
"BGR",2001,18,7.6,13.8,16.7,NA,NA,NA,0,0
"BGR",2002,17,7.3,13.2,15.9,NA,NA,NA,0,0
"BGR",2003,16,6.9,12.5,15.1,NA,NA,NA,0,0
"BGR",2004,16,6.4,11.8,14.2,NA,NA,NA,0,0
"BGR",2005,15,6,11,13.3,NA,NA,NA,0,0
"BGR",2006,14,5.6,10.3,12.4,NA,NA,NA,0,0
"BGR",2007,13,5.3,9.9,11.8,NA,NA,NA,0,0
"BGR",2008,13,5.2,9.5,11.4,NA,NA,NA,0,0
"BGR",2009,12,5.2,9.3,11.1,NA,NA,NA,0,0
"BGR",2010,12,5.1,9,10.8,NA,NA,NA,0,0
"BGR",2011,12,5,8.7,10.4,NA,NA,NA,0,0
"BGR",2012,11,4.8,8.2,9.8,"Earthquake",1,0,0,0
"BGR",2013,10,4.5,7.8,9.3,NA,NA,NA,0,0
"BGR",2014,11,4.3,7.3,8.7,NA,NA,NA,0,0
"BGR",2015,10,4.1,6.9,8.2,NA,NA,NA,0,0
"BGR",2016,10,3.9,6.5,7.7,NA,NA,NA,0,0
"BGR",2017,10,3.7,6.1,7.3,NA,NA,NA,0,0
"BGR",2018,NA,3.4,5.8,7,NA,NA,NA,0,NA
"BGR",2019,NA,3.2,5.5,6.6,NA,NA,NA,NA,NA
"BHR",2000,27,4.7,10.7,12.5,NA,NA,NA,0,0
"BHR",2001,19,4.4,10.3,12,NA,NA,NA,0,0
"BHR",2002,25,4.1,10,11.6,NA,NA,NA,0,0
"BHR",2003,21,3.9,9.7,11.3,NA,NA,NA,0,0
"BHR",2004,21,3.7,9.4,11,NA,NA,NA,0,0
"BHR",2005,19,3.6,9.1,10.6,NA,NA,NA,0,0
"BHR",2006,24,3.4,8.8,10.2,NA,NA,NA,0,0
"BHR",2007,16,3.3,8.4,9.8,NA,NA,NA,0,0
"BHR",2008,18,3.2,8,9.3,NA,NA,NA,0,0
"BHR",2009,19,3.2,7.6,8.9,NA,NA,NA,0,0
"BHR",2010,18,3.2,7.3,8.5,NA,NA,NA,0,1
"BHR",2011,15,3.2,7,8.2,NA,NA,NA,26,0
"BHR",2012,18,3.2,6.8,8,NA,NA,NA,0,0
"BHR",2013,17,3.2,6.7,7.8,NA,NA,NA,0,0
"BHR",2014,15,3.2,6.6,7.7,NA,NA,NA,0,0
"BHR",2015,15,3.2,6.5,7.6,NA,NA,NA,0,0
"BHR",2016,15,3.2,6.4,7.5,NA,NA,NA,0,0
"BHR",2017,14,3.1,6.3,7.3,NA,NA,NA,0,0
"BHR",2018,NA,3.1,6.1,7.1,NA,NA,NA,0,NA
"BHR",2019,NA,3,5.9,7,NA,NA,NA,NA,NA
"BHS",2000,75,8,13.9,16.3,NA,NA,NA,0,0
"BHS",2001,76,8.2,14,16.4,NA,NA,NA,0,0
"BHS",2002,78,8.3,14.1,16.5,NA,NA,NA,0,0
"BHS",2003,79,8.5,14.3,16.7,NA,NA,NA,0,0
"BHS",2004,78,8.6,14.4,16.8,NA,NA,NA,0,0
"BHS",2005,77,8.7,14.4,16.8,NA,NA,NA,0,0
"BHS",2006,78,8.7,14.3,16.7,NA,NA,NA,0,0
"BHS",2007,77,8.6,14.1,16.5,NA,NA,NA,0,0
"BHS",2008,77,8.5,13.9,16.2,NA,NA,NA,0,0
"BHS",2009,78,8.3,13.6,15.9,NA,NA,NA,0,0
"BHS",2010,78,8.1,13.3,15.6,NA,NA,NA,0,0
"BHS",2011,78,7.9,13,15.2,NA,NA,NA,0,0
"BHS",2012,78,7.8,12.8,14.9,NA,NA,NA,0,0
"BHS",2013,78,7.7,12.5,14.6,NA,NA,NA,0,0
"BHS",2014,77,7.5,12.2,14.3,NA,NA,NA,0,0
"BHS",2015,74,7.4,12,14,NA,NA,NA,0,0
"BHS",2016,72,7.3,11.7,13.7,NA,NA,NA,0,0
"BHS",2017,70,7.2,11.4,13.3,NA,NA,NA,0,0
"BHS",2018,NA,7,11.2,13,NA,NA,NA,0,NA
"BHS",2019,NA,6.9,14.5,22.4,NA,NA,NA,NA,NA
"BIH",2000,17,6.9,8.7,9.9,NA,NA,NA,0,0
"BIH",2001,16,6.5,8.4,9.6,NA,NA,NA,0,0
"BIH",2002,14,6.2,8.2,9.3,NA,NA,NA,0,0
"BIH",2003,14,5.9,8.1,9.2,NA,NA,NA,0,0
"BIH",2004,14,5.7,7.9,9.1,NA,NA,NA,0,0
"BIH",2005,13,5.5,7.8,8.9,NA,NA,NA,0,0
"BIH",2006,13,5.4,7.5,8.6,NA,NA,NA,0,0
"BIH",2007,13,5.3,7.2,8.3,NA,NA,NA,0,0
"BIH",2008,11,5.3,6.9,7.9,NA,NA,NA,0,0
"BIH",2009,11,5.2,6.6,7.5,NA,NA,NA,0,0
"BIH",2010,11,5.1,6.3,7.2,NA,NA,NA,0,0
"BIH",2011,10,5,6,6.9,NA,NA,NA,0,0
"BIH",2012,10,4.9,5.8,6.7,NA,NA,NA,0,0
"BIH",2013,10,4.8,5.6,6.5,NA,NA,NA,0,0
"BIH",2014,10,4.7,5.5,6.4,NA,NA,NA,0,0
"BIH",2015,10,4.6,5.4,6.3,NA,NA,NA,0,0
"BIH",2016,10,4.5,5.3,6.2,NA,NA,NA,0,0
"BIH",2017,10,4.4,5.3,6.1,NA,NA,NA,0,0
"BIH",2018,NA,4.3,5.2,6,NA,NA,NA,0,NA
"BIH",2019,NA,4.2,5.1,5.9,NA,NA,NA,NA,NA
"BLR",2000,22,6,9.9,12.7,NA,NA,NA,0,0
"BLR",2001,19,5.5,9.2,11.8,NA,NA,NA,0,0
"BLR",2002,18,5,8.5,10.9,NA,NA,NA,0,0
"BLR",2003,15,4.5,7.8,10.1,NA,NA,NA,0,0
"BLR",2004,13,4,7.3,9.4,NA,NA,NA,0,0
"BLR",2005,11,3.5,6.7,8.7,NA,NA,NA,0,0
"BLR",2006,9,3,6.2,8,NA,NA,NA,0,0
"BLR",2007,7,2.6,5.6,7.3,NA,NA,NA,0,0
"BLR",2008,6,2.2,5.1,6.6,NA,NA,NA,0,0
"BLR",2009,6,2,4.6,6.1,NA,NA,NA,0,0
"BLR",2010,5,1.8,4.3,5.6,NA,NA,NA,0,0
"BLR",2011,5,1.7,3.9,5.2,NA,NA,NA,0,0
"BLR",2012,4,1.7,3.7,4.9,NA,NA,NA,0,0
"BLR",2013,3,1.7,3.5,4.6,NA,NA,NA,0,0
"BLR",2014,3,1.6,3.3,4.3,NA,NA,NA,0,0
"BLR",2015,3,1.6,3.1,4.1,NA,NA,NA,0,0
"BLR",2016,3,1.5,2.9,3.9,NA,NA,NA,0,0
"BLR",2017,2,1.4,2.7,3.6,NA,NA,NA,0,0
"BLR",2018,NA,1.2,2.5,3.4,NA,NA,NA,0,NA
"BLR",2019,NA,1.1,2.4,3.1,NA,NA,NA,NA,NA
"BLZ",2000,89,12,20,23.6,NA,NA,NA,0,0
"BLZ",2001,88,11.6,19.4,22.8,NA,NA,NA,0,0
"BLZ",2002,82,11.1,18.9,22.2,NA,NA,NA,0,0
"BLZ",2003,80,10.6,18.5,21.7,NA,NA,NA,0,0
"BLZ",2004,75,10,18.2,21.3,NA,NA,NA,0,0
"BLZ",2005,70,9.4,17.9,20.9,NA,NA,NA,0,0
"BLZ",2006,65,8.7,17.6,20.6,NA,NA,NA,0,0
"BLZ",2007,61,8.4,17.3,20.3,NA,NA,NA,0,0
"BLZ",2008,59,8.4,17,19.9,NA,NA,NA,0,0
"BLZ",2009,57,8.7,16.6,19.4,NA,NA,NA,0,0
"BLZ",2010,54,9.3,16.2,18.9,NA,NA,NA,0,0
"BLZ",2011,52,10,15.7,18.3,NA,NA,NA,0,0
"BLZ",2012,50,10.4,15.2,17.7,NA,NA,NA,0,0
"BLZ",2013,48,10.5,14.6,16.9,NA,NA,NA,0,0
"BLZ",2014,46,10.4,13.9,16.1,NA,NA,NA,0,0
"BLZ",2015,43,10.1,13.2,15.3,NA,NA,NA,0,0
"BLZ",2016,39,9.6,12.5,14.5,NA,NA,NA,0,0
"BLZ",2017,36,9.1,11.8,13.7,NA,NA,NA,0,0
"BLZ",2018,NA,8.6,11.1,12.9,NA,NA,NA,0,NA
"BLZ",2019,NA,8.1,10.6,12.3,NA,NA,NA,NA,NA
"BOL",2000,331,29.6,55.9,75.6,NA,NA,NA,50,0
"BOL",2001,320,28.7,53.1,71.3,NA,NA,NA,0,0
"BOL",2002,309,28,50.4,67.2,NA,NA,NA,0,0
"BOL",2003,297,27.4,47.8,63.3,NA,NA,NA,0,0
"BOL",2004,283,26.8,45.4,59.6,NA,NA,NA,0,0
"BOL",2005,271,26.2,43.1,56.2,NA,NA,NA,0,0
"BOL",2006,258,25.5,40.8,52.9,NA,NA,NA,0,0
"BOL",2007,246,24.7,38.7,49.8,NA,NA,NA,0,0
"BOL",2008,234,23.7,36.7,46.9,NA,NA,NA,0,0
"BOL",2009,222,22.8,34.8,44.1,NA,NA,NA,0,0
"BOL",2010,212,21.8,33,41.6,"Drought",0,1,0,0
"BOL",2011,202,20.8,31.2,39.2,NA,NA,NA,0,0
"BOL",2012,192,19.9,29.6,37,NA,NA,NA,0,0
"BOL",2013,184,18.7,28,34.9,"Drought",0,1,0,0
"BOL",2014,175,17.6,26.6,33,"Drought",0,1,0,0
"BOL",2015,168,16.7,25.4,31.3,NA,NA,NA,0,0
"BOL",2016,161,15.9,24.3,29.9,"Drought",0,1,0,0
"BOL",2017,155,15.2,23.2,28.6,NA,NA,NA,0,0
"BOL",2018,NA,14.6,22.3,27.4,NA,NA,NA,0,NA
"BOL",2019,NA,14,21.5,26.3,NA,NA,NA,NA,NA
"BRA",2000,69,18.5,30.4,34.7,NA,NA,NA,46,1
"BRA",2001,68,17.6,28.5,32.5,NA,NA,NA,74,1
"BRA",2002,69,16.7,26.8,30.4,NA,NA,NA,61,1
"BRA",2003,70,15.8,25.1,28.4,NA,NA,NA,43,1
"BRA",2004,71,15,23.5,26.5,NA,NA,NA,86,1
"BRA",2005,71,14.2,22,24.8,NA,NA,NA,54,1
"BRA",2006,72,13.5,20.7,23.2,NA,NA,NA,22,1
"BRA",2007,71,12.8,19.5,21.8,NA,NA,NA,40,1
"BRA",2008,70,12.2,18.4,20.6,NA,NA,NA,20,1
"BRA",2009,69,11.6,17.5,19.5,NA,NA,NA,40,1
"BRA",2010,65,11.1,16.7,18.6,"Drought",0,1,4,1
"BRA",2011,61,10.7,16,17.9,NA,NA,NA,34,1
"BRA",2012,60,10.3,15.4,17.2,"Drought",0,1,270,1
"BRA",2013,61,10,14.9,16.7,NA,NA,NA,4,1
"BRA",2014,62,9.7,14.6,16.3,"Drought",0,1,1,1
"BRA",2015,63,9.5,14.2,15.9,NA,NA,NA,18,1
"BRA",2016,62,10,15,16.7,NA,NA,NA,34,1
"BRA",2017,60,9.3,13.8,15.4,NA,NA,NA,2803,1
"BRA",2018,NA,9.2,13.6,15.2,NA,NA,NA,2380,NA
"BRA",2019,NA,8.9,13.3,14.9,NA,NA,NA,NA,NA
"BRB",2000,50,9.3,13.7,15.1,NA,NA,NA,0,0
"BRB",2001,48,9.3,14,15.3,NA,NA,NA,0,0
"BRB",2002,47,9.5,14.2,15.5,NA,NA,NA,0,0
"BRB",2003,45,9.6,14.3,15.7,NA,NA,NA,0,0
"BRB",2004,43,9.8,14.4,15.7,NA,NA,NA,0,0
"BRB",2005,42,9.9,14.4,15.7,NA,NA,NA,0,0
"BRB",2006,41,10,14.3,15.6,NA,NA,NA,0,0
"BRB",2007,40,10.1,14.2,15.4,NA,NA,NA,0,0
"BRB",2008,39,10.1,14.1,15.3,NA,NA,NA,0,0
"BRB",2009,38,10,13.9,15.1,NA,NA,NA,0,0
"BRB",2010,36,10,13.8,15,"Drought",0,1,0,0
"BRB",2011,35,9.9,13.7,14.8,NA,NA,NA,0,0
"BRB",2012,34,9.8,13.6,14.7,NA,NA,NA,0,0
"BRB",2013,32,9.7,13.5,14.6,NA,NA,NA,0,0
"BRB",2014,31,9.5,13.3,14.3,NA,NA,NA,0,0
"BRB",2015,31,9.3,13,14,NA,NA,NA,0,0
"BRB",2016,30,9.1,12.7,13.7,NA,NA,NA,0,0
"BRB",2017,27,8.9,12.4,13.4,NA,NA,NA,0,0
"BRB",2018,NA,8.6,12.1,13,NA,NA,NA,0,NA
"BRB",2019,NA,8.4,11.7,12.6,NA,NA,NA,NA,NA
"BRN",2000,28,5,8.2,10.3,NA,NA,NA,0,0
"BRN",2001,28,5,8,10.1,NA,NA,NA,0,0
"BRN",2002,29,5,7.9,9.8,NA,NA,NA,0,0
"BRN",2003,30,5,7.8,9.7,NA,NA,NA,0,0
"BRN",2004,30,5,7.7,9.6,NA,NA,NA,0,0
"BRN",2005,29,5,7.7,9.5,NA,NA,NA,0,0
"BRN",2006,28,4.9,7.7,9.5,NA,NA,NA,0,0
"BRN",2007,27,4.9,7.7,9.5,NA,NA,NA,0,0
"BRN",2008,27,4.8,7.7,9.5,NA,NA,NA,0,0
"BRN",2009,27,4.8,7.8,9.6,NA,NA,NA,0,0
"BRN",2010,28,4.8,7.9,9.7,NA,NA,NA,0,0
"BRN",2011,28,4.8,8.1,9.8,NA,NA,NA,0,0
"BRN",2012,29,4.8,8.2,10,NA,NA,NA,0,0
"BRN",2013,28,4.9,8.4,10.2,NA,NA,NA,0,0
"BRN",2014,29,5,8.6,10.4,NA,NA,NA,0,0
"BRN",2015,30,5.2,8.8,10.6,NA,NA,NA,0,0
"BRN",2016,31,5.4,9,10.8,NA,NA,NA,0,0
"BRN",2017,31,5.6,9.2,11,NA,NA,NA,0,0
"BRN",2018,NA,5.8,9.4,11.2,NA,NA,NA,0,NA
"BRN",2019,NA,6,9.6,11.4,NA,NA,NA,NA,NA
"BTN",2000,423,31.8,57.5,77.2,NA,NA,NA,0,0
"BTN",2001,384,30.9,54.8,72.9,NA,NA,NA,0,0
"BTN",2002,365,30,52.2,68.9,NA,NA,NA,0,0
"BTN",2003,348,29,49.7,65,NA,NA,NA,0,0
"BTN",2004,332,28,47.2,61.2,NA,NA,NA,0,0
"BTN",2005,310,27.1,44.7,57.5,NA,NA,NA,0,0
"BTN",2006,291,26.2,42.3,54.1,NA,NA,NA,0,0
"BTN",2007,275,25.3,40.1,50.8,NA,NA,NA,0,0
"BTN",2008,264,24.4,38,47.8,NA,NA,NA,0,0
"BTN",2009,255,23.4,36,44.9,"Earthquake",1,0,0,0
"BTN",2010,247,22.5,34.1,42.4,NA,NA,NA,0,0
"BTN",2011,239,21.6,32.4,40,"Earthquake",1,0,0,0
"BTN",2012,231,20.8,31,38,NA,NA,NA,0,0
"BTN",2013,223,20.1,29.6,36.2,NA,NA,NA,0,0
"BTN",2014,214,19.3,28.5,34.6,NA,NA,NA,0,0
"BTN",2015,203,18.4,27.4,33.1,NA,NA,NA,0,0
"BTN",2016,193,17.6,26.5,31.9,NA,NA,NA,0,0
"BTN",2017,183,17,25.6,30.7,NA,NA,NA,0,0
"BTN",2018,NA,16.3,24.7,29.6,NA,NA,NA,0,NA
"BTN",2019,NA,15.7,23.9,28.6,NA,NA,NA,NA,NA
"BWA",2000,262,16.6,45.2,80.5,NA,NA,NA,0,0
"BWA",2001,271,17,44.6,80,NA,NA,NA,0,0
"BWA",2002,278,17.8,43.9,78.3,NA,NA,NA,0,0
"BWA",2003,278,18.7,43.1,76.1,NA,NA,NA,0,0
"BWA",2004,264,19.6,42.1,72.7,NA,NA,NA,0,0
"BWA",2005,239,20.4,38.9,67,NA,NA,NA,0,0
"BWA",2006,221,21,38.1,61.5,NA,NA,NA,0,0
"BWA",2007,209,21.6,39.5,58.6,NA,NA,NA,0,0
"BWA",2008,203,22,40.3,57.6,NA,NA,NA,0,0
"BWA",2009,189,22.4,40.1,55.3,NA,NA,NA,0,0
"BWA",2010,179,22.7,39.5,51.4,NA,NA,NA,0,0
"BWA",2011,176,22.9,41.1,51.9,NA,NA,NA,0,0
"BWA",2012,170,23.1,40.2,50.8,NA,NA,NA,0,0
"BWA",2013,164,23.2,39.4,49.6,NA,NA,NA,0,0
"BWA",2014,160,23.3,40.1,50.2,NA,NA,NA,0,0
"BWA",2015,156,23.3,39.6,49.7,"Drought",0,1,0,0
"BWA",2016,151,23.2,39.3,49.2,NA,NA,NA,0,0
"BWA",2017,144,23,38.2,47.8,NA,NA,NA,0,0
"BWA",2018,NA,22.7,37.6,47,NA,NA,NA,0,NA
"BWA",2019,NA,22.3,36.9,45.9,"Drought",0,1,NA,NA
"CAF",2000,1280,49,109.9,168.9,NA,NA,NA,6,1
"CAF",2001,1290,48.9,109.2,167.4,NA,NA,NA,216,1
"CAF",2002,1280,48.7,108.5,165.8,NA,NA,NA,152,1
"CAF",2003,1250,48.6,107.7,164.2,NA,NA,NA,19,1
"CAF",2004,1230,48.4,106.9,162.5,NA,NA,NA,23,1
"CAF",2005,1200,48.2,106.1,160.8,NA,NA,NA,8,1
"CAF",2006,1170,48,104.8,158.3,NA,NA,NA,190,1
"CAF",2007,1130,47.7,103.7,155.6,NA,NA,NA,143,1
"CAF",2008,1090,47.2,102.5,152.8,NA,NA,NA,8,1
"CAF",2009,1050,46.7,100.6,148.9,NA,NA,NA,244,1
"CAF",2010,1000,46.1,99,145,NA,NA,NA,148,1
"CAF",2011,981,45.5,96.7,140.5,NA,NA,NA,195,1
"CAF",2012,963,44.7,94.5,136.2,NA,NA,NA,132,1
"CAF",2013,1030,43.9,93,132.5,NA,NA,NA,3396,1
"CAF",2014,961,43.2,90.5,128.2,NA,NA,NA,3494,1
"CAF",2015,912,42.5,87.9,123.3,NA,NA,NA,743,1
"CAF",2016,890,41.7,85.6,118.2,NA,NA,NA,688,1
"CAF",2017,829,41,83.8,114.5,NA,NA,NA,1849,1
"CAF",2018,NA,40.2,81.6,111.1,NA,NA,NA,640,NA
"CAF",2019,NA,39.6,79.1,106.6,NA,NA,NA,NA,NA
"CAN",2000,9,3.8,5.3,6.2,NA,NA,NA,23,1
"CAN",2001,10,3.8,5.3,6.2,NA,NA,NA,1,0
"CAN",2002,10,3.9,5.3,6.2,NA,NA,NA,0,0
"CAN",2003,10,3.9,5.3,6.2,NA,NA,NA,0,0
"CAN",2004,10,3.9,5.3,6.1,NA,NA,NA,0,0
"CAN",2005,11,3.9,5.2,6.1,NA,NA,NA,0,0
"CAN",2006,11,3.9,5.2,6,NA,NA,NA,0,0
"CAN",2007,11,3.8,5.1,6,NA,NA,NA,0,0
"CAN",2008,12,3.8,5.1,5.9,NA,NA,NA,0,0
"CAN",2009,12,3.8,5,5.8,NA,NA,NA,0,0
"CAN",2010,11,3.8,5,5.7,NA,NA,NA,0,0
"CAN",2011,11,3.7,4.9,5.7,NA,NA,NA,0,0
"CAN",2012,11,3.7,4.9,5.6,NA,NA,NA,0,0
"CAN",2013,11,3.6,4.8,5.5,NA,NA,NA,0,0
"CAN",2014,11,3.6,4.7,5.4,NA,NA,NA,0,0
"CAN",2015,11,3.6,4.7,5.4,NA,NA,NA,0,0
"CAN",2016,10,3.5,4.6,5.3,NA,NA,NA,0,0
"CAN",2017,10,3.4,4.6,5.2,NA,NA,NA,0,0
"CAN",2018,NA,3.3,4.5,5.1,NA,NA,NA,0,NA
"CAN",2019,NA,3.3,4.4,5.1,NA,NA,NA,NA,NA
"CHE",2000,7,3.5,4.7,5.6,NA,NA,NA,0,0
"CHE",2001,7,3.5,4.6,5.5,NA,NA,NA,0,0
"CHE",2002,7,3.4,4.5,5.4,NA,NA,NA,0,0
"CHE",2003,7,3.4,4.5,5.3,NA,NA,NA,0,0
"CHE",2004,7,3.3,4.4,5.2,NA,NA,NA,0,0
"CHE",2005,7,3.3,4.3,5.1,NA,NA,NA,0,0
"CHE",2006,7,3.3,4.2,4.9,NA,NA,NA,0,0
"CHE",2007,6,3.2,4.1,4.8,NA,NA,NA,0,0
"CHE",2008,6,3.2,4,4.7,NA,NA,NA,0,0
"CHE",2009,6,3.2,4,4.6,NA,NA,NA,0,0
"CHE",2010,6,3.2,3.9,4.6,NA,NA,NA,0,0
"CHE",2011,6,3.1,3.9,4.5,NA,NA,NA,0,0
"CHE",2012,6,3.1,3.8,4.4,NA,NA,NA,0,0
"CHE",2013,6,3,3.8,4.4,NA,NA,NA,0,0
"CHE",2014,5,3,3.8,4.3,NA,NA,NA,0,0
"CHE",2015,5,3,3.7,4.3,NA,NA,NA,0,0
"CHE",2016,5,2.9,3.7,4.2,NA,NA,NA,0,0
"CHE",2017,5,2.9,3.6,4.2,NA,NA,NA,0,0
"CHE",2018,NA,2.9,3.6,4.1,NA,NA,NA,0,NA
"CHE",2019,NA,2.8,3.6,4,NA,NA,NA,NA,NA
"CHL",2000,31,5.7,9.2,10.9,NA,NA,NA,0,0
"CHL",2001,32,5.4,8.7,10.3,NA,NA,NA,0,0
"CHL",2002,28,5.3,8.3,9.8,NA,NA,NA,0,0
"CHL",2003,27,5.3,8.1,9.5,NA,NA,NA,0,0
"CHL",2004,27,5.4,7.9,9.3,NA,NA,NA,0,0
"CHL",2005,25,5.4,7.7,9.1,NA,NA,NA,0,0
"CHL",2006,25,5.5,7.6,9,NA,NA,NA,0,0
"CHL",2007,23,5.4,7.6,8.9,NA,NA,NA,0,0
"CHL",2008,21,5.3,7.6,8.9,NA,NA,NA,0,0
"CHL",2009,21,5.3,7.5,8.8,NA,NA,NA,0,0
"CHL",2010,20,5.3,7.4,8.7,"Earthquake",1,0,0,0
"CHL",2011,18,5.3,7.3,8.5,NA,NA,NA,0,0
"CHL",2012,17,5.3,7.2,8.4,"Earthquake",1,0,0,0
"CHL",2013,16,5.3,7.1,8.3,NA,NA,NA,0,0
"CHL",2014,15,5.2,6.9,8.1,"Earthquake",1,0,0,0
"CHL",2015,14,5.1,6.7,7.9,"Earthquake",1,0,0,0
"CHL",2016,13,5,6.5,7.7,NA,NA,NA,0,0
"CHL",2017,13,4.9,6.4,7.4,NA,NA,NA,0,0
"CHL",2018,NA,4.7,6.2,7.2,NA,NA,NA,0,NA
"CHL",2019,NA,4.5,6,7,"Earthquake",1,0,NA,NA
"CHN",2000,59,21.4,29.9,36.7,NA,NA,NA,0,0
"CHN",2001,55,19.9,27.8,34.1,NA,NA,NA,0,0
"CHN",2002,51,18.4,25.6,31.5,NA,NA,NA,0,0
"CHN",2003,48,16.9,23.4,28.8,NA,NA,NA,0,0
"CHN",2004,46,15.3,21.4,26.3,NA,NA,NA,0,1
"CHN",2005,44,13.9,19.4,24,NA,NA,NA,12,0
"CHN",2006,42,12.5,17.7,21.9,NA,NA,NA,0,0
"CHN",2007,40,11.3,16.2,20.1,NA,NA,NA,0,1
"CHN",2008,40,10.2,14.8,18.5,NA,NA,NA,87,1
"CHN",2009,37,9.2,13.6,17,"Earthquake",1,0,189,0
"CHN",2009,37,9.2,13.6,17,"Drought",0,1,189,0
"CHN",2009,37,9.2,13.6,17,"Earthquake",1,0,189,0
"CHN",2009,37,9.2,13.6,17,"Drought",0,1,189,0
"CHN",2010,36,8.4,12.5,15.8,"Earthquake",1,0,0,0
"CHN",2010,36,8.4,12.5,15.8,"Drought",0,1,0,0
"CHN",2010,36,8.4,12.5,15.8,"Earthquake",1,0,0,0
"CHN",2010,36,8.4,12.5,15.8,"Earthquake",1,0,0,0
"CHN",2010,36,8.4,12.5,15.8,"Earthquake",1,0,0,0
"CHN",2010,36,8.4,12.5,15.8,"Earthquake",1,0,0,0
"CHN",2011,34,7.6,11.5,14.6,"Earthquake",1,0,0,0
"CHN",2011,34,7.6,11.5,14.6,"Earthquake",1,0,0,0
"CHN",2011,34,7.6,11.5,14.6,"Earthquake",1,0,0,0
"CHN",2011,34,7.6,11.5,14.6,"Earthquake",1,0,0,0
"CHN",2011,34,7.6,11.5,14.6,"Earthquake",1,0,0,0
"CHN",2011,34,7.6,11.5,14.6,"Earthquake",1,0,0,0
"CHN",2011,34,7.6,11.5,14.6,"Earthquake",1,0,0,0
"CHN",2012,33,7,10.6,13.5,"Earthquake",1,0,0,0
"CHN",2012,33,7,10.6,13.5,"Earthquake",1,0,0,0
"CHN",2012,33,7,10.6,13.5,"Earthquake",1,0,0,0
"CHN",2012,33,7,10.6,13.5,"Earthquake",1,0,0,0
"CHN",2012,33,7,10.6,13.5,"Earthquake",1,0,0,0
"CHN",2012,33,7,10.6,13.5,"Earthquake",1,0,0,0
"CHN",2013,32,6.4,9.8,12.5,"Earthquake",1,0,0,0
"CHN",2013,32,6.4,9.8,12.5,"Earthquake",1,0,0,0
"CHN",2013,32,6.4,9.8,12.5,"Earthquake",1,0,0,0
"CHN",2013,32,6.4,9.8,12.5,"Earthquake",1,0,0,0
"CHN",2013,32,6.4,9.8,12.5,"Earthquake",1,0,0,0
"CHN",2013,32,6.4,9.8,12.5,"Earthquake",1,0,0,0
"CHN",2013,32,6.4,9.8,12.5,"Earthquake",1,0,0,0
"CHN",2013,32,6.4,9.8,12.5,"Earthquake",1,0,0,0
"CHN",2013,32,6.4,9.8,12.5,"Drought",0,1,0,0
"CHN",2014,31,5.8,9,11.6,"Earthquake",1,0,0,1
"CHN",2014,31,5.8,9,11.6,"Earthquake",1,0,0,1
"CHN",2014,31,5.8,9,11.6,"Earthquake",1,0,0,1
"CHN",2014,31,5.8,9,11.6,"Earthquake",1,0,0,1
"CHN",2014,31,5.8,9,11.6,"Earthquake",1,0,0,1
"CHN",2014,31,5.8,9,11.6,"Earthquake",1,0,0,1
"CHN",2014,31,5.8,9,11.6,"Earthquake",1,0,0,1
"CHN",2014,31,5.8,9,11.6,"Earthquake",1,0,0,1
"CHN",2014,31,5.8,9,11.6,"Drought",0,1,0,1
"CHN",2014,31,5.8,9,11.6,"Drought",0,1,0,1
"CHN",2015,30,5.3,8.3,10.7,"Earthquake",1,0,5,0
"CHN",2015,30,5.3,8.3,10.7,"Earthquake",1,0,5,0
"CHN",2015,30,5.3,8.3,10.7,"Earthquake",1,0,5,0
"CHN",2015,30,5.3,8.3,10.7,"Earthquake",1,0,5,0
"CHN",2015,30,5.3,8.3,10.7,"Earthquake",1,0,5,0
"CHN",2015,30,5.3,8.3,10.7,"Drought",0,1,5,0
"CHN",2016,29,4.9,7.6,9.9,"Drought",0,1,0,1
"CHN",2016,29,4.9,7.6,9.9,"Earthquake",1,0,0,1
"CHN",2016,29,4.9,7.6,9.9,"Earthquake",1,0,0,1
"CHN",2016,29,4.9,7.6,9.9,"Earthquake",1,0,0,1
"CHN",2017,29,4.5,7,9.2,"Earthquake",1,0,6,0
"CHN",2017,29,4.5,7,9.2,"Earthquake",1,0,6,0
"CHN",2017,29,4.5,7,9.2,"Earthquake",1,0,6,0
"CHN",2017,29,4.5,7,9.2,"Earthquake",1,0,6,0
"CHN",2017,29,4.5,7,9.2,"Drought",0,1,6,0
"CHN",2018,NA,4.1,6.4,8.5,"Earthquake",1,0,0,NA
"CHN",2018,NA,4.1,6.4,8.5,"Earthquake",1,0,0,NA
"CHN",2019,NA,3.7,5.9,7.9,"Earthquake",1,0,NA,NA
"CHN",2019,NA,3.7,5.9,7.9,"Earthquake",1,0,NA,NA
"CHN",2019,NA,3.7,5.9,7.9,"Earthquake",1,0,NA,NA
"CIV",2000,704,45.8,95.6,143.3,NA,NA,NA,132,1
"CIV",2001,706,45.2,93.7,140.1,NA,NA,NA,2,1
"CIV",2002,713,44.6,91.6,136.7,NA,NA,NA,1028,1
"CIV",2003,711,44,89.6,133.1,NA,NA,NA,492,1
"CIV",2004,709,43.4,87.5,129.5,NA,NA,NA,304,1
"CIV",2005,704,42.7,85.2,125.6,NA,NA,NA,153,1
"CIV",2006,699,42,83.4,122,NA,NA,NA,11,1
"CIV",2007,698,41.3,81.1,118.2,NA,NA,NA,3,1
"CIV",2008,694,40.6,78.7,114.2,NA,NA,NA,4,1
"CIV",2009,700,40,76.6,109.9,NA,NA,NA,1,1
"CIV",2010,701,39.3,74.7,106.3,NA,NA,NA,80,1
"CIV",2011,703,38.7,72.9,103.1,NA,NA,NA,1256,1
"CIV",2012,702,38,71,100.1,NA,NA,NA,21,1
"CIV",2013,691,37.4,69.1,97,NA,NA,NA,4,0
"CIV",2014,676,36.8,67.3,93.6,NA,NA,NA,0,0
"CIV",2015,658,36.2,65.7,90.8,NA,NA,NA,0,1
"CIV",2016,636,35.6,64.4,88.4,NA,NA,NA,49,0
"CIV",2017,617,35,62.9,86,NA,NA,NA,0,0
"CIV",2018,NA,34.5,61.3,83.2,NA,NA,NA,0,NA
"CIV",2019,NA,33.9,59.4,80.3,NA,NA,NA,NA,NA
"CMR",2000,886,35.6,87.6,143.9,NA,NA,NA,2,0
"CMR",2001,844,34.8,85.8,140.9,NA,NA,NA,0,0
"CMR",2002,803,34.1,83.7,137.5,NA,NA,NA,0,0
"CMR",2003,771,33.7,81.7,134,NA,NA,NA,0,0
"CMR",2004,732,33.5,79.7,130.6,NA,NA,NA,0,0
"CMR",2005,692,33.2,78.1,127.5,NA,NA,NA,0,0
"CMR",2006,658,33,76.2,124.2,NA,NA,NA,0,0
"CMR",2007,635,32.7,74.6,121,NA,NA,NA,0,0
"CMR",2008,618,32.4,72.7,117.6,NA,NA,NA,0,0
"CMR",2009,606,32,71.1,114.3,NA,NA,NA,0,0
"CMR",2010,597,31.7,68.6,110.1,NA,NA,NA,0,0
"CMR",2011,589,31.3,66.6,105.8,NA,NA,NA,0,0
"CMR",2012,580,30.9,64.2,101.3,"Drought",0,1,0,1
"CMR",2013,567,30.4,61.6,96.7,NA,NA,NA,1,1
"CMR",2014,564,29.9,59.5,92.4,NA,NA,NA,1047,1
"CMR",2015,554,29.3,57,88,NA,NA,NA,1263,1
"CMR",2016,538,28.7,55.2,84.2,NA,NA,NA,491,1
"CMR",2017,529,28,53.2,80.6,NA,NA,NA,410,1
"CMR",2018,NA,27.4,51.3,77.3,NA,NA,NA,1007,NA
"CMR",2019,NA,26.8,49.9,74.7,NA,NA,NA,NA,NA
"COD",2000,760,38.4,106.5,159.3,NA,NA,NA,3052,1
"COD",2001,740,38,104.4,154.9,NA,NA,NA,1391,1
"COD",2002,734,37.6,102.2,150.4,NA,NA,NA,7931,1
"COD",2003,699,37.2,99.9,145.7,NA,NA,NA,4328,1
"COD",2004,661,36.6,97.5,140.9,NA,NA,NA,795,1
"COD",2005,627,36,95.2,136.1,NA,NA,NA,314,1
"COD",2006,598,35.3,92.8,131.4,NA,NA,NA,390,1
"COD",2007,578,34.5,90.4,126.7,NA,NA,NA,879,1
"COD",2008,565,33.8,88.1,122.3,NA,NA,NA,1740,1
"COD",2009,555,33,85.8,118,NA,NA,NA,5069,1
"COD",2010,542,32.3,83.5,113.8,NA,NA,NA,799,1
"COD",2011,532,31.7,81.3,109.9,NA,NA,NA,511,1
"COD",2012,524,31.1,79.1,106.1,NA,NA,NA,1842,1
"COD",2013,514,30.6,77,102.5,NA,NA,NA,2196,1
"COD",2014,500,30,75,99.2,NA,NA,NA,1622,1
"COD",2015,490,29.5,73,95.9,"Earthquake",1,0,737,1
"COD",2016,481,29,71.1,92.8,NA,NA,NA,2194,1
"COD",2017,473,28.5,69.1,89.6,NA,NA,NA,6031,1
"COD",2018,NA,27.9,67.3,86.6,NA,NA,NA,3130,NA
"COD",2019,NA,27.3,65.5,83.8,NA,NA,NA,NA,NA
"COG",2000,739,30.7,72.4,114.1,NA,NA,NA,0,1
"COG",2001,752,30.2,70.7,111.1,NA,NA,NA,3,1
"COG",2002,769,29.5,68,106.2,NA,NA,NA,234,1
"COG",2003,757,28.6,64.6,100.2,NA,NA,NA,33,0
"COG",2004,724,27.5,60.7,93.3,NA,NA,NA,0,1
"COG",2005,677,26.5,56.8,86.4,NA,NA,NA,15,0
"COG",2006,623,25.4,53.1,79.8,NA,NA,NA,0,1
"COG",2007,580,24.5,49.8,74,NA,NA,NA,2,1
"COG",2008,552,23.7,46.9,69,NA,NA,NA,1,0
"COG",2009,526,23,44.7,65,NA,NA,NA,0,0
"COG",2010,506,22.5,43,62,NA,NA,NA,0,1
"COG",2011,488,22.1,41.7,59.7,NA,NA,NA,1,1
"COG",2012,468,21.8,40.7,57.9,NA,NA,NA,2,0
"COG",2013,449,21.4,39.7,56.2,NA,NA,NA,0,0
"COG",2014,433,21.1,38.7,54.4,NA,NA,NA,0,0
"COG",2015,416,20.7,37.6,52.6,NA,NA,NA,0,1
"COG",2016,397,20.2,36.6,50.8,NA,NA,NA,73,1
"COG",2017,378,19.9,35.6,49.1,NA,NA,NA,20,0
"COG",2018,NA,19.4,34.7,47.6,NA,NA,NA,0,NA
"COG",2019,NA,19.1,35.9,52.5,NA,NA,NA,NA,NA
"COL",2000,94,13.5,21.2,25.1,NA,NA,NA,4293,1
"COL",2001,93,13.1,20.6,24.3,NA,NA,NA,4592,1
"COL",2002,92,12.7,19.9,23.5,NA,NA,NA,4346,1
"COL",2003,88,12.4,19.4,22.8,NA,NA,NA,1183,1
"COL",2004,85,12,18.9,22.1,NA,NA,NA,1781,1
"COL",2005,83,11.7,18.3,21.5,NA,NA,NA,1725,1
"COL",2006,82,11.3,17.8,20.8,NA,NA,NA,588,1
"COL",2007,83,11,17.2,20.2,NA,NA,NA,362,1
"COL",2008,84,10.6,16.7,19.5,NA,NA,NA,252,1
"COL",2009,87,10.3,16.2,18.9,NA,NA,NA,419,1
"COL",2010,85,10,15.7,18.3,NA,NA,NA,442,1
"COL",2011,84,9.6,15.2,17.7,NA,NA,NA,227,1
"COL",2012,85,9.3,14.7,17.1,NA,NA,NA,227,1
"COL",2013,85,9,14.3,16.6,"Earthquake",1,0,140,1
"COL",2014,85,8.7,13.8,16,NA,NA,NA,156,1
"COL",2015,85,8.4,13.4,15.5,"Earthquake",1,0,143,1
"COL",2015,85,8.4,13.4,15.5,"Drought",0,1,143,1
"COL",2016,84,8.2,12.9,15,NA,NA,NA,38,1
"COL",2017,83,7.9,12.5,14.6,NA,NA,NA,87,1
"COL",2018,NA,7.7,12.1,14.1,NA,NA,NA,245,NA
"COL",2019,NA,7.4,11.7,13.6,NA,NA,NA,NA,NA
"COM",2000,444,40.8,72.4,100.6,NA,NA,NA,0,0
"COM",2001,437,40.7,72.1,100.2,NA,NA,NA,0,0
"COM",2002,429,40.5,72,100.1,NA,NA,NA,0,0
"COM",2003,423,40.3,71.7,99.6,NA,NA,NA,0,0
"COM",2004,414,40.1,71,98.5,NA,NA,NA,0,0
"COM",2005,404,39.7,69.8,96.7,NA,NA,NA,0,0
"COM",2006,393,39.2,68.4,94.4,NA,NA,NA,0,0
"COM",2007,382,38.6,66.8,91.9,NA,NA,NA,0,0
"COM",2008,370,38,65.3,89.5,NA,NA,NA,0,0
"COM",2009,356,37.3,63.7,86.9,NA,NA,NA,0,0
"COM",2010,341,36.6,62.2,84.6,NA,NA,NA,0,0
"COM",2011,326,35.8,60.5,82,NA,NA,NA,0,0
"COM",2012,313,35.1,58.9,79.4,NA,NA,NA,0,0
"COM",2013,302,34.5,57.2,76.9,NA,NA,NA,0,0
"COM",2014,293,33.6,55.8,74.7,"Earthquake",1,0,0,0
"COM",2015,285,32.9,54.4,72.3,NA,NA,NA,0,0
"COM",2016,279,32.1,53,70.1,NA,NA,NA,0,0
"COM",2017,273,31.3,51.5,67.9,NA,NA,NA,0,0
"COM",2018,NA,30.5,50.1,65.7,NA,NA,NA,0,NA
"COM",2019,NA,29.8,48.7,63.5,NA,NA,NA,NA,NA
"CPV",2000,118,18.1,31.1,38.1,NA,NA,NA,0,0
"CPV",2001,109,17,28.4,34.4,NA,NA,NA,0,0
"CPV",2002,101,16,26.3,31.6,NA,NA,NA,0,0
"CPV",2003,96,15.4,24.8,29.8,NA,NA,NA,0,0
"CPV",2004,91,15.1,24,28.6,NA,NA,NA,0,0
"CPV",2005,86,15.1,23.5,28.1,NA,NA,NA,0,0
"CPV",2006,82,15.3,23.4,27.9,NA,NA,NA,0,0
"CPV",2007,78,15.4,23.3,27.8,NA,NA,NA,0,0
"CPV",2008,75,15.6,23.1,27.5,NA,NA,NA,0,0
"CPV",2009,72,15.5,22.7,27,NA,NA,NA,0,0
"CPV",2010,70,15.3,22.1,26.3,NA,NA,NA,0,0
"CPV",2011,67,14.9,21.3,25.2,NA,NA,NA,0,0
"CPV",2012,65,14.3,20.3,24,NA,NA,NA,0,0
"CPV",2013,63,13.5,19.2,22.5,NA,NA,NA,0,0
"CPV",2014,62,12.6,17.9,21,NA,NA,NA,0,0
"CPV",2015,61,11.8,16.7,19.5,NA,NA,NA,0,0
"CPV",2016,59,10.9,15.5,18.1,NA,NA,NA,0,0
"CPV",2017,58,10.2,14.5,16.8,"Drought",0,1,0,0
"CPV",2018,NA,9.6,13.6,15.8,NA,NA,NA,0,NA
"CPV",2019,NA,9,12.8,14.9,NA,NA,NA,NA,NA
"CRI",2000,40,7.7,11.1,13.1,NA,NA,NA,0,0
"CRI",2001,37,7.5,10.5,12.6,NA,NA,NA,0,0
"CRI",2002,38,7.3,10.1,12.1,NA,NA,NA,0,0
"CRI",2003,37,7.2,10,11.8,NA,NA,NA,0,0
"CRI",2004,36,7.1,9.9,11.5,NA,NA,NA,0,0
"CRI",2005,33,7.1,9.9,11.3,NA,NA,NA,0,0
"CRI",2006,35,7,9.8,11.2,NA,NA,NA,0,0
"CRI",2007,29,6.9,9.7,11.1,NA,NA,NA,0,0
"CRI",2008,29,6.8,9.5,10.9,NA,NA,NA,0,0
"CRI",2009,29,6.7,9.3,10.7,"Earthquake",1,0,0,0
"CRI",2010,32,6.6,9.2,10.5,NA,NA,NA,0,0
"CRI",2011,30,6.5,8.9,10.2,NA,NA,NA,0,0
"CRI",2012,29,6.5,8.6,9.9,"Earthquake",1,0,0,0
"CRI",2013,29,6.4,8.2,9.6,NA,NA,NA,0,0
"CRI",2014,29,6.3,7.9,9.3,"Drought",0,1,0,0
"CRI",2015,28,6.3,7.7,9.1,NA,NA,NA,0,0
"CRI",2016,28,6.2,7.6,8.9,NA,NA,NA,0,0
"CRI",2017,27,6.1,7.5,8.7,NA,NA,NA,0,0
"CRI",2018,NA,5.9,7.4,8.4,"Drought",0,1,0,NA
"CRI",2019,NA,5.8,7.2,8.2,NA,NA,NA,NA,NA
"CUB",2000,46,4.3,7,8.8,NA,NA,NA,0,0
"CUB",2001,44,4.2,6.8,8.5,NA,NA,NA,0,0
"CUB",2002,41,4,6.5,8.2,NA,NA,NA,0,0
"CUB",2003,41,3.8,6.3,7.9,NA,NA,NA,0,0
"CUB",2004,40,3.6,6.1,7.6,NA,NA,NA,0,0
"CUB",2005,41,3.4,5.9,7.4,NA,NA,NA,0,0
"CUB",2006,38,3.3,5.7,7.2,NA,NA,NA,0,0
"CUB",2007,38,3.2,5.5,6.9,NA,NA,NA,0,0
"CUB",2008,40,3.1,5.4,6.7,NA,NA,NA,0,0
"CUB",2009,40,3,5.2,6.5,NA,NA,NA,0,0
"CUB",2010,41,2.9,5.1,6.4,NA,NA,NA,0,0
"CUB",2011,38,2.8,5,6.2,NA,NA,NA,0,0
"CUB",2012,39,2.7,4.8,6.1,NA,NA,NA,0,0
"CUB",2013,40,2.6,4.7,5.9,NA,NA,NA,0,0
"CUB",2014,39,2.5,4.6,5.8,NA,NA,NA,0,0
"CUB",2015,38,2.4,4.5,5.7,"Drought",0,1,0,0
"CUB",2016,37,2.3,4.4,5.5,NA,NA,NA,0,0
"CUB",2017,36,2.3,4.3,5.4,NA,NA,NA,0,0
"CUB",2018,NA,2.3,4.3,5.3,NA,NA,NA,0,NA
"CUB",2019,NA,2.3,4.2,5.2,NA,NA,NA,NA,NA
"CYP",2000,14,3.7,5.6,6.5,NA,NA,NA,0,0
"CYP",2001,9,3.4,5.2,6,NA,NA,NA,0,0
"CYP",2002,10,3.2,4.8,5.6,NA,NA,NA,0,0
"CYP",2003,9,3,4.5,5.2,NA,NA,NA,0,0
"CYP",2004,9,2.8,4.1,4.8,NA,NA,NA,0,0
"CYP",2005,12,2.6,3.8,4.5,NA,NA,NA,0,0
"CYP",2006,9,2.4,3.6,4.2,NA,NA,NA,0,0
"CYP",2007,8,2.3,3.3,3.9,NA,NA,NA,0,0
"CYP",2008,9,2.1,3.1,3.7,NA,NA,NA,0,0
"CYP",2009,8,2,3,3.5,NA,NA,NA,0,0
"CYP",2010,8,1.9,2.8,3.4,NA,NA,NA,0,0
"CYP",2011,8,1.9,2.7,3.2,NA,NA,NA,0,0
"CYP",2012,7,1.8,2.6,3.1,NA,NA,NA,0,0
"CYP",2013,6,1.8,2.5,3,NA,NA,NA,0,0
"CYP",2014,8,1.7,2.4,2.9,NA,NA,NA,0,0
"CYP",2015,7,1.7,2.4,2.9,NA,NA,NA,0,0
"CYP",2016,6,1.7,2.4,2.9,NA,NA,NA,0,0
"CYP",2017,6,1.7,2.3,2.8,NA,NA,NA,0,0
"CYP",2018,NA,1.7,2.3,2.8,NA,NA,NA,0,NA
"CYP",2019,NA,1.7,2.3,2.8,NA,NA,NA,NA,NA
"CZE",2000,7,2.7,4.5,5.5,NA,NA,NA,0,0
"CZE",2001,7,2.5,4.3,5.2,NA,NA,NA,0,0
"CZE",2002,6,2.4,4.1,5,NA,NA,NA,0,0
"CZE",2003,6,2.4,3.9,4.8,NA,NA,NA,0,0
"CZE",2004,5,2.3,3.7,4.6,NA,NA,NA,0,0
"CZE",2005,5,2.2,3.6,4.4,NA,NA,NA,0,0
"CZE",2006,5,2.1,3.4,4.1,NA,NA,NA,0,0
"CZE",2007,5,2,3.2,3.9,NA,NA,NA,0,0
"CZE",2008,5,1.9,3,3.7,NA,NA,NA,0,0
"CZE",2009,4,1.8,2.9,3.5,NA,NA,NA,0,0
"CZE",2010,4,1.7,2.7,3.4,NA,NA,NA,0,0
"CZE",2011,4,1.6,2.6,3.3,NA,NA,NA,0,0
"CZE",2012,4,1.6,2.6,3.2,NA,NA,NA,0,0
"CZE",2013,4,1.6,2.5,3.1,NA,NA,NA,0,0
"CZE",2014,4,1.6,2.5,3.1,NA,NA,NA,0,0
"CZE",2015,4,1.6,2.5,3.2,NA,NA,NA,0,0
"CZE",2016,4,1.6,2.6,3.2,NA,NA,NA,0,0
"CZE",2017,3,1.6,2.6,3.2,NA,NA,NA,0,0
"CZE",2018,NA,1.6,2.5,3.1,NA,NA,NA,0,NA
"CZE",2019,NA,1.6,2.4,3,NA,NA,NA,NA,NA
"DEU",2000,7,2.8,4.4,5.4,NA,NA,NA,0,0
"DEU",2001,7,2.7,4.3,5.2,NA,NA,NA,0,0
"DEU",2002,7,2.7,4.2,5.1,NA,NA,NA,0,0
"DEU",2003,6,2.7,4.1,5,NA,NA,NA,0,0
"DEU",2004,6,2.6,4,4.9,NA,NA,NA,0,0
"DEU",2005,6,2.6,3.9,4.7,NA,NA,NA,0,0
"DEU",2006,6,2.6,3.8,4.6,NA,NA,NA,0,0
"DEU",2007,6,2.5,3.7,4.5,NA,NA,NA,0,0
"DEU",2008,6,2.4,3.6,4.4,NA,NA,NA,0,0
"DEU",2009,6,2.4,3.5,4.3,NA,NA,NA,0,0
"DEU",2010,6,2.3,3.5,4.2,NA,NA,NA,0,0
"DEU",2011,6,2.3,3.4,4.1,NA,NA,NA,0,0
"DEU",2012,5,2.3,3.4,4,NA,NA,NA,0,0
"DEU",2013,5,2.3,3.3,4,NA,NA,NA,0,0
"DEU",2014,5,2.3,3.3,4,NA,NA,NA,0,0
"DEU",2015,5,2.3,3.3,3.9,NA,NA,NA,0,1
"DEU",2016,5,2.3,3.3,3.9,NA,NA,NA,12,0
"DEU",2017,7,2.3,3.3,3.9,NA,NA,NA,0,0
"DEU",2018,NA,2.3,3.2,3.8,NA,NA,NA,0,NA
"DEU",2019,NA,2.3,3.2,3.7,NA,NA,NA,NA,NA
"DJI",2000,507,43.9,79.9,101,NA,NA,NA,0,0
"DJI",2001,490,43.4,78.2,98.6,NA,NA,NA,0,0
"DJI",2002,470,42.7,76.5,96.1,NA,NA,NA,0,0
"DJI",2003,449,42.1,74.7,93.6,NA,NA,NA,0,0
"DJI",2004,426,41.6,72.9,91.1,NA,NA,NA,0,0
"DJI",2005,393,40.9,71.2,88.7,NA,NA,NA,0,0
"DJI",2006,361,40.3,69.4,86.1,NA,NA,NA,0,0
"DJI",2007,335,39.7,67.6,83.6,NA,NA,NA,0,1
"DJI",2008,320,39,65.9,81.2,NA,NA,NA,35,0
"DJI",2009,299,38.4,64.2,78.8,NA,NA,NA,0,0
"DJI",2010,283,37.6,62.5,76.6,"Drought",0,1,0,0
"DJI",2011,272,37,60.9,74.4,NA,NA,NA,0,0
"DJI",2012,262,36.3,59.3,72.2,NA,NA,NA,0,0
"DJI",2013,256,35.4,57.8,70.1,NA,NA,NA,0,1
"DJI",2014,256,34.7,56.2,68,NA,NA,NA,1,0
"DJI",2015,247,34,54.6,65.8,NA,NA,NA,0,0
"DJI",2016,246,33.2,53.1,63.8,NA,NA,NA,0,0
"DJI",2017,248,32.5,51.6,61.8,NA,NA,NA,0,1
"DJI",2018,NA,31.8,50.1,59.7,NA,NA,NA,6,NA
"DJI",2019,NA,31.1,48.6,57.8,NA,NA,NA,NA,NA
"DMA",2000,NA,12.9,14.1,16.9,NA,NA,NA,0,0
"DMA",2001,NA,13.3,14.5,17.3,NA,NA,NA,0,0
"DMA",2002,NA,13.8,14.9,17.8,NA,NA,NA,0,0
"DMA",2003,NA,14.4,15.5,18.4,NA,NA,NA,0,0
"DMA",2004,NA,14.9,16.1,19,NA,NA,NA,0,0
"DMA",2005,NA,15.6,16.8,19.7,NA,NA,NA,0,0
"DMA",2006,NA,16.2,17.5,20.5,NA,NA,NA,0,0
"DMA",2007,NA,17,18.3,21.4,NA,NA,NA,0,0
"DMA",2008,NA,17.8,19.2,22.3,NA,NA,NA,0,0
"DMA",2009,NA,18.7,20.2,23.4,NA,NA,NA,0,0
"DMA",2010,NA,19.6,21.3,24.6,NA,NA,NA,0,0
"DMA",2011,NA,20.7,22.5,25.8,NA,NA,NA,0,0
"DMA",2012,NA,21.7,23.7,27.1,NA,NA,NA,0,0
"DMA",2013,NA,22.8,25,28.4,NA,NA,NA,0,0
"DMA",2014,NA,23.9,26.2,29.8,NA,NA,NA,0,0
"DMA",2015,NA,25,27.5,31.1,NA,NA,NA,0,0
"DMA",2016,NA,26.1,28.7,32.4,NA,NA,NA,0,0
"DMA",2017,NA,27.2,29.7,33.5,NA,NA,NA,0,0
"DMA",2018,NA,28.3,30.6,34.4,NA,NA,NA,0,NA
"DMA",2019,NA,29.2,31.2,35,NA,NA,NA,NA,NA
"DNK",2000,8,3.5,4.7,5.7,NA,NA,NA,0,0
"DNK",2001,8,3.4,4.7,5.6,NA,NA,NA,0,0
"DNK",2002,8,3.2,4.6,5.5,NA,NA,NA,0,0
"DNK",2003,7,3.2,4.5,5.4,NA,NA,NA,0,0
"DNK",2004,7,3.1,4.3,5.2,NA,NA,NA,0,0
"DNK",2005,6,3.1,4.2,5,NA,NA,NA,0,0
"DNK",2006,6,3,4,4.8,NA,NA,NA,0,0
"DNK",2007,6,2.9,3.8,4.5,NA,NA,NA,0,0
"DNK",2008,6,2.8,3.7,4.4,NA,NA,NA,0,0
"DNK",2009,6,2.8,3.6,4.2,NA,NA,NA,0,0
"DNK",2010,5,2.8,3.5,4.1,NA,NA,NA,0,0
"DNK",2011,5,2.9,3.4,4.1,NA,NA,NA,0,0
"DNK",2012,5,3,3.5,4.1,NA,NA,NA,0,0
"DNK",2013,4,3,3.5,4.1,NA,NA,NA,0,0
"DNK",2014,4,3,3.5,4.1,NA,NA,NA,0,0
"DNK",2015,4,3,3.5,4.1,NA,NA,NA,0,0
"DNK",2016,4,2.9,3.5,4.1,NA,NA,NA,0,0
"DNK",2017,4,2.8,3.4,4,NA,NA,NA,0,0
"DNK",2018,NA,2.7,3.3,3.9,NA,NA,NA,0,NA
"DNK",2019,NA,2.6,3.2,3.7,NA,NA,NA,NA,NA
"DOM",2000,80,23.3,32.4,40,NA,NA,NA,0,0
"DOM",2001,75,23.2,31.7,39,NA,NA,NA,0,0
"DOM",2002,75,23.1,31.1,38.1,NA,NA,NA,0,0
"DOM",2003,76,23.1,30.6,37.4,NA,NA,NA,0,0
"DOM",2004,81,23.2,30.1,36.9,NA,NA,NA,0,0
"DOM",2005,83,23.4,29.8,36.4,NA,NA,NA,0,0
"DOM",2006,86,23.6,29.5,36,NA,NA,NA,0,0
"DOM",2007,90,23.8,29.3,35.7,NA,NA,NA,0,0
"DOM",2008,92,24,29.1,35.5,NA,NA,NA,0,0
"DOM",2009,95,24.1,29,35.3,NA,NA,NA,0,0
"DOM",2010,96,24.2,28.9,35.1,NA,NA,NA,0,0
"DOM",2011,95,24.3,28.8,35,NA,NA,NA,0,0
"DOM",2012,94,24.3,28.8,35,NA,NA,NA,0,0
"DOM",2013,94,24.3,28.8,35,NA,NA,NA,0,0
"DOM",2014,94,24.4,28.8,35,NA,NA,NA,0,0
"DOM",2015,94,24.4,28.8,35,NA,NA,NA,0,0
"DOM",2016,94,24.5,28.8,35,NA,NA,NA,0,0
"DOM",2017,95,24.4,28.7,34.9,NA,NA,NA,0,0
"DOM",2018,NA,24.2,28.6,34.8,NA,NA,NA,0,NA
"DOM",2019,NA,23.9,28.3,34.4,NA,NA,NA,NA,NA
"DZA",2000,161,21.1,33.9,39.7,NA,NA,NA,1193,1
"DZA",2001,155,21.1,33.3,38.9,NA,NA,NA,674,1
"DZA",2002,148,20.9,32.4,37.8,NA,NA,NA,1058,1
"DZA",2003,145,20.8,31.3,36.5,NA,NA,NA,714,1
"DZA",2004,134,20.4,30.1,35.1,NA,NA,NA,500,1
"DZA",2005,127,20.1,28.8,33.6,NA,NA,NA,232,1
"DZA",2006,122,19.8,27.6,32.1,NA,NA,NA,292,1
"DZA",2007,119,19.4,26.4,30.7,NA,NA,NA,495,1
"DZA",2008,117,18.9,25.3,29.5,NA,NA,NA,345,1
"DZA",2009,117,18.2,24.4,28.4,NA,NA,NA,541,1
"DZA",2010,115,17.5,23.6,27.4,NA,NA,NA,252,1
"DZA",2011,116,17.1,22.9,26.7,NA,NA,NA,276,1
"DZA",2012,116,16.9,22.5,26.2,NA,NA,NA,264,1
"DZA",2013,115,16.4,22.1,25.8,NA,NA,NA,222,1
"DZA",2014,114,15.7,21.9,25.5,"Earthquake",1,0,111,1
"DZA",2015,114,15.1,21.6,25.2,NA,NA,NA,110,1
"DZA",2016,113,15.1,21.3,24.8,NA,NA,NA,89,1
"DZA",2017,112,15.6,20.9,24.3,NA,NA,NA,77,1
"DZA",2018,NA,16,20.4,23.8,NA,NA,NA,35,NA
"DZA",2019,NA,16.3,20,23.3,NA,NA,NA,NA,NA
"ECU",2000,122,14.1,24.7,29.5,NA,NA,NA,0,1
"ECU",2001,117,13.4,23.4,28,NA,NA,NA,2,0
"ECU",2002,110,12.7,22.4,26.6,NA,NA,NA,0,1
"ECU",2003,100,12.1,21.5,25.4,NA,NA,NA,26,0
"ECU",2004,94,11.6,20.7,24.4,NA,NA,NA,0,0
"ECU",2005,94,11.1,19.9,23.5,NA,NA,NA,0,0
"ECU",2006,90,10.6,19.2,22.6,NA,NA,NA,0,0
"ECU",2007,85,10.2,18.5,21.7,NA,NA,NA,0,1
"ECU",2008,82,9.7,17.7,20.8,NA,NA,NA,25,0
"ECU",2009,80,9.3,17,19.9,"Drought",0,1,0,0
"ECU",2010,78,8.9,16.3,19,NA,NA,NA,0,0
"ECU",2011,76,8.5,15.6,18.1,NA,NA,NA,0,0
"ECU",2012,71,8.1,14.9,17.3,NA,NA,NA,0,0
"ECU",2013,67,7.8,14.3,16.6,"Drought",0,1,0,0
"ECU",2014,65,7.5,13.7,15.9,"Earthquake",1,0,0,0
"ECU",2015,63,7.3,13.2,15.4,NA,NA,NA,0,0
"ECU",2016,61,7.1,12.8,14.8,"Earthquake",1,0,0,0
"ECU",2016,61,7.1,12.8,14.8,"Earthquake",1,0,0,0
"ECU",2017,59,6.9,12.4,14.4,NA,NA,NA,0,0
"ECU",2018,NA,6.9,12,13.9,NA,NA,NA,0,NA
"ECU",2019,NA,6.8,11.6,13.4,"Earthquake",1,0,NA,NA
"ECU",2019,NA,6.8,11.6,13.4,"Earthquake",1,0,NA,NA
"EGY",2000,64,22.4,37.1,46.6,NA,NA,NA,5,0
"EGY",2001,63,21.7,35.2,43.9,NA,NA,NA,0,0
"EGY",2002,60,21,33.5,41.5,NA,NA,NA,0,0
"EGY",2003,57,20.3,32,39.4,NA,NA,NA,0,1
"EGY",2004,54,19.7,30.6,37.5,NA,NA,NA,35,1
"EGY",2005,52,19,29.3,35.7,NA,NA,NA,124,1
"EGY",2006,50,18.2,28.2,34.2,NA,NA,NA,2,0
"EGY",2007,47,17.5,27.1,32.7,NA,NA,NA,0,1
"EGY",2008,45,16.7,26,31.3,NA,NA,NA,2,1
"EGY",2009,45,16,25,29.9,NA,NA,NA,1,1
"EGY",2010,45,15.2,24,28.7,NA,NA,NA,1,1
"EGY",2011,42,14.6,23.1,27.5,NA,NA,NA,31,1
"EGY",2012,42,13.9,22.2,26.3,NA,NA,NA,75,1
"EGY",2013,40,13.4,21.3,25.3,NA,NA,NA,135,1
"EGY",2014,39,12.8,20.5,24.3,NA,NA,NA,249,1
"EGY",2015,39,12.3,19.8,23.3,NA,NA,NA,991,1
"EGY",2016,38,11.9,19.1,22.5,NA,NA,NA,404,1
"EGY",2017,37,11.5,18.5,21.7,NA,NA,NA,902,1
"EGY",2018,NA,11.1,17.8,20.9,NA,NA,NA,692,NA
"EGY",2019,NA,10.7,17.2,20.1,NA,NA,NA,NA,NA
"ERI",2000,1280,27,56.1,85.2,NA,NA,NA,1793,0
"ERI",2001,1180,26.5,53.8,81.1,NA,NA,NA,0,0
"ERI",2002,1130,26.1,51.6,77.3,NA,NA,NA,0,1
"ERI",2003,1060,25.6,49.6,73.8,NA,NA,NA,57,0
"ERI",2004,938,25.2,47.8,70.5,NA,NA,NA,0,0
"ERI",2005,804,24.7,46.1,67.5,NA,NA,NA,0,0
"ERI",2006,705,24.2,44.5,64.6,NA,NA,NA,0,0
"ERI",2007,635,23.7,43,61.9,NA,NA,NA,0,0
"ERI",2008,605,23.2,41.5,59.4,NA,NA,NA,0,0
"ERI",2009,583,22.6,40.2,57.1,NA,NA,NA,0,0
"ERI",2010,567,22.1,39,55.1,NA,NA,NA,0,0
"ERI",2011,558,21.5,37.9,53.1,NA,NA,NA,0,0
"ERI",2012,549,21.1,36.8,51.2,NA,NA,NA,0,0
"ERI",2013,540,20.6,35.8,49.5,NA,NA,NA,0,0
"ERI",2014,530,20.2,34.9,47.9,NA,NA,NA,0,0
"ERI",2015,518,19.7,34,46.3,NA,NA,NA,0,1
"ERI",2016,498,19.3,33.1,44.8,NA,NA,NA,25,0
"ERI",2017,480,18.9,32.2,43.3,NA,NA,NA,0,0
"ERI",2018,NA,18.5,31.3,41.9,NA,NA,NA,0,NA
"ERI",2019,NA,18.1,30.5,40.6,NA,NA,NA,NA,NA
"ESP",2000,5,2.8,4.4,5.4,NA,NA,NA,20,1
"ESP",2001,5,2.7,4.3,5.3,NA,NA,NA,13,1
"ESP",2002,5,2.7,4.2,5.1,NA,NA,NA,5,1
"ESP",2003,5,2.6,4.1,5,NA,NA,NA,3,1
"ESP",2004,5,2.5,3.9,4.9,NA,NA,NA,191,0
"ESP",2005,5,2.4,3.8,4.7,NA,NA,NA,0,0
"ESP",2006,4,2.3,3.7,4.5,NA,NA,NA,0,0
"ESP",2007,4,2.2,3.6,4.4,NA,NA,NA,0,1
"ESP",2008,4,2.2,3.4,4.2,NA,NA,NA,2,1
"ESP",2009,4,2.1,3.3,4,NA,NA,NA,3,0
"ESP",2010,4,2.1,3.1,3.8,NA,NA,NA,0,1
"ESP",2011,4,2.1,3,3.7,"Earthquake",1,0,1,0
"ESP",2012,4,2.1,2.9,3.6,NA,NA,NA,0,0
"ESP",2013,4,2,2.8,3.5,NA,NA,NA,0,0
"ESP",2014,4,2,2.8,3.4,NA,NA,NA,0,0
"ESP",2015,4,1.9,2.7,3.3,NA,NA,NA,0,0
"ESP",2016,4,1.9,2.7,3.3,NA,NA,NA,0,1
"ESP",2017,4,1.9,2.7,3.3,NA,NA,NA,16,0
"ESP",2018,NA,1.8,2.7,3.3,NA,NA,NA,0,NA
"ESP",2019,NA,1.8,2.7,3.3,NA,NA,NA,NA,NA
"EST",2000,29,5.3,8.7,10.9,NA,NA,NA,0,0
"EST",2001,27,4.8,8,10.1,NA,NA,NA,0,0
"EST",2002,25,4.4,7.3,9.3,NA,NA,NA,0,0
"EST",2003,20,4,6.7,8.5,NA,NA,NA,0,0
"EST",2004,18,3.7,6.2,7.8,NA,NA,NA,0,0
"EST",2005,18,3.4,5.7,7.2,NA,NA,NA,0,0
"EST",2006,16,3.1,5.2,6.6,NA,NA,NA,0,0
"EST",2007,17,2.8,4.7,6,NA,NA,NA,0,0
"EST",2008,14,2.5,4.3,5.5,NA,NA,NA,0,0
"EST",2009,14,2.3,4,5,NA,NA,NA,0,0
"EST",2010,11,2.1,3.6,4.6,NA,NA,NA,0,0
"EST",2011,13,1.9,3.3,4.2,NA,NA,NA,0,0
"EST",2012,12,1.7,3,3.9,NA,NA,NA,0,0
"EST",2013,10,1.6,2.8,3.6,NA,NA,NA,0,0
"EST",2014,11,1.5,2.6,3.3,NA,NA,NA,0,0
"EST",2015,10,1.4,2.4,3.1,NA,NA,NA,0,0
"EST",2016,11,1.3,2.2,2.8,NA,NA,NA,0,0
"EST",2017,9,1.2,2.1,2.6,NA,NA,NA,0,0
"EST",2018,NA,1.1,1.9,2.4,NA,NA,NA,0,NA
"EST",2019,NA,1,1.8,2.3,NA,NA,NA,NA,NA
"ETH",2000,1030,48.6,87.2,140.7,NA,NA,NA,48666,1
"ETH",2001,988,47.8,83.8,134.6,NA,NA,NA,388,1
"ETH",2002,985,46.8,80.3,128.3,NA,NA,NA,809,1
"ETH",2003,972,45.8,76.7,121.8,NA,NA,NA,1093,1
"ETH",2004,929,44.8,73.1,115.3,NA,NA,NA,475,1
"ETH",2005,865,43.7,69.5,108.9,NA,NA,NA,290,1
"ETH",2006,795,42.6,66.1,102.8,NA,NA,NA,430,1
"ETH",2007,731,41.4,62.8,97,NA,NA,NA,500,1
"ETH",2008,681,40.2,59.8,91.6,NA,NA,NA,311,1
"ETH",2009,638,39.1,57,86.7,"Drought",0,1,590,1
"ETH",2010,597,37.9,54.3,82,"Drought",0,1,152,1
"ETH",2011,558,36.7,51.9,77.7,"Drought",0,1,66,1
"ETH",2012,527,35.5,49.5,73.5,NA,NA,NA,385,1
"ETH",2013,498,34.3,47.3,69.6,NA,NA,NA,88,1
"ETH",2014,472,33.1,45.2,65.9,NA,NA,NA,39,1
"ETH",2015,446,31.9,43.2,62.4,"Drought",0,1,307,1
"ETH",2016,422,30.7,41.3,59,NA,NA,NA,529,1
"ETH",2017,401,29.7,39.5,55.9,NA,NA,NA,475,1
"ETH",2018,NA,28.7,38,53.2,NA,NA,NA,687,NA
"ETH",2019,NA,27.8,36.6,50.8,NA,NA,NA,NA,NA
"FIN",2000,6,2.5,3.5,4.3,NA,NA,NA,0,0
"FIN",2001,5,2.4,3.4,4.2,NA,NA,NA,0,0
"FIN",2002,5,2.3,3.3,4.1,NA,NA,NA,0,0
"FIN",2003,5,2.2,3.3,4,NA,NA,NA,0,0
"FIN",2004,5,2.1,3.2,3.9,NA,NA,NA,0,0
"FIN",2005,5,2.1,3.1,3.7,NA,NA,NA,0,0
"FIN",2006,4,2,3,3.6,NA,NA,NA,0,0
"FIN",2007,4,1.9,2.8,3.5,NA,NA,NA,0,0
"FIN",2008,4,1.8,2.7,3.3,NA,NA,NA,0,0
"FIN",2009,4,1.8,2.6,3.2,NA,NA,NA,0,0
"FIN",2010,4,1.7,2.5,3,NA,NA,NA,0,0
"FIN",2011,4,1.6,2.4,2.9,NA,NA,NA,0,0
"FIN",2012,4,1.5,2.3,2.8,NA,NA,NA,0,0
"FIN",2013,4,1.4,2.2,2.7,NA,NA,NA,0,0
"FIN",2014,3,1.4,2.1,2.6,NA,NA,NA,0,0
"FIN",2015,3,1.4,2,2.5,NA,NA,NA,0,0
"FIN",2016,3,1.4,2,2.4,NA,NA,NA,0,0
"FIN",2017,3,1.4,2,2.4,NA,NA,NA,0,0
"FIN",2018,NA,1.4,1.9,2.4,NA,NA,NA,0,NA
"FIN",2019,NA,1.4,1.9,2.3,NA,NA,NA,NA,NA
"FJI",2000,51,10.1,19.1,22.4,NA,NA,NA,0,0
"FJI",2001,49,10.2,19,22.3,NA,NA,NA,0,0
"FJI",2002,48,10.5,19,22.4,NA,NA,NA,0,0
"FJI",2003,48,11,19.2,22.5,NA,NA,NA,0,0
"FJI",2004,47,11.4,19.4,22.8,NA,NA,NA,0,0
"FJI",2005,46,11.6,19.7,23.1,NA,NA,NA,0,0
"FJI",2006,44,11.5,19.9,23.4,NA,NA,NA,0,0
"FJI",2007,43,11,20.1,23.7,NA,NA,NA,0,0
"FJI",2008,42,10.3,20.2,23.8,NA,NA,NA,0,0
"FJI",2009,40,9.7,20.1,23.7,NA,NA,NA,0,0
"FJI",2010,39,9.3,20,23.6,NA,NA,NA,0,0
"FJI",2011,38,9,20,23.6,NA,NA,NA,0,0
"FJI",2012,38,9,20,23.5,NA,NA,NA,0,0
"FJI",2013,37,9.1,20.1,23.7,NA,NA,NA,0,0
"FJI",2014,36,9.4,20.3,23.9,NA,NA,NA,0,0
"FJI",2015,35,9.8,20.6,24.4,"Drought",0,1,0,0
"FJI",2016,34,10.2,21.1,24.9,NA,NA,NA,0,0
"FJI",2017,34,10.6,21.5,25.5,NA,NA,NA,0,0
"FJI",2018,NA,11,22.1,26.2,NA,NA,NA,0,NA
"FJI",2019,NA,11.4,22.6,26.9,NA,NA,NA,NA,NA
"FRA",2000,10,2.8,4.1,5.4,NA,NA,NA,0,0
"FRA",2001,10,2.7,3.9,5.3,NA,NA,NA,0,0
"FRA",2002,10,2.7,3.7,5.1,NA,NA,NA,0,0
"FRA",2003,9,2.6,3.6,4.9,NA,NA,NA,0,0
"FRA",2004,9,2.5,3.4,4.8,NA,NA,NA,0,0
"FRA",2005,9,2.4,3.3,4.6,NA,NA,NA,0,0
"FRA",2006,9,2.4,3.3,4.5,NA,NA,NA,0,1
"FRA",2007,9,2.4,3.2,4.4,NA,NA,NA,2,0
"FRA",2008,9,2.4,3.2,4.4,NA,NA,NA,0,0
"FRA",2009,9,2.4,3.1,4.3,NA,NA,NA,0,0
"FRA",2010,9,2.3,3.1,4.2,NA,NA,NA,0,0
"FRA",2011,9,2.3,3.1,4.2,NA,NA,NA,0,1
"FRA",2012,9,2.3,3.1,4.1,NA,NA,NA,4,0
"FRA",2013,9,2.3,3.1,4.1,NA,NA,NA,0,0
"FRA",2014,8,2.4,3.1,4.1,NA,NA,NA,0,1
"FRA",2015,8,2.4,3.2,4.2,NA,NA,NA,133,1
"FRA",2016,8,2.5,3.2,4.2,NA,NA,NA,87,1
"FRA",2017,8,2.6,3.3,4.3,NA,NA,NA,2,1
"FRA",2018,NA,2.6,3.4,4.3,NA,NA,NA,13,NA
"FRA",2019,NA,2.6,3.4,4.3,"Earthquake",1,0,NA,NA
"FSM",2000,154,20,30.8,37.8,NA,NA,NA,0,0
"FSM",2001,150,19.6,30,36.7,NA,NA,NA,0,0
"FSM",2002,163,19.2,29.4,35.9,NA,NA,NA,0,0
"FSM",2003,141,18.8,29,35.2,NA,NA,NA,0,0
"FSM",2004,137,18.6,28.7,34.8,NA,NA,NA,0,0
"FSM",2005,133,18.5,28.6,34.7,NA,NA,NA,0,0
"FSM",2006,128,18.4,28.5,34.6,NA,NA,NA,0,0
"FSM",2007,123,18.3,28.4,34.5,NA,NA,NA,0,0
"FSM",2008,118,18.2,28.2,34.2,NA,NA,NA,0,0
"FSM",2009,114,17.9,27.8,33.7,NA,NA,NA,0,0
"FSM",2010,110,17.5,27.4,33.1,NA,NA,NA,0,0
"FSM",2011,106,17.1,26.8,32.3,NA,NA,NA,0,0
"FSM",2012,103,16.7,26.2,31.6,NA,NA,NA,0,0
"FSM",2013,99,16.2,25.6,30.7,NA,NA,NA,0,0
"FSM",2014,96,15.6,24.9,29.9,NA,NA,NA,0,0
"FSM",2015,95,15.2,24.2,28.9,NA,NA,NA,0,0
"FSM",2016,90,14.7,23.5,28,"Drought",0,1,0,0
"FSM",2017,88,14.2,22.7,27,NA,NA,NA,0,0
"FSM",2018,NA,13.7,22.1,26.2,NA,NA,NA,0,NA
"FSM",2019,NA,13.3,21.5,25.4,NA,NA,NA,NA,NA
"GAB",2000,380,26.9,53.3,82.9,NA,NA,NA,0,0
"GAB",2001,370,26.6,52.3,81.4,NA,NA,NA,0,0
"GAB",2002,361,26.3,51.2,79.6,NA,NA,NA,0,0
"GAB",2003,356,26,50.2,77.8,NA,NA,NA,0,0
"GAB",2004,354,25.7,49,75.8,NA,NA,NA,0,0
"GAB",2005,348,25.4,47.7,73.6,NA,NA,NA,0,0
"GAB",2006,340,25.1,46.6,71.6,NA,NA,NA,0,0
"GAB",2007,336,24.8,45.2,69.2,NA,NA,NA,0,0
"GAB",2008,332,24.5,43.9,66.7,NA,NA,NA,0,0
"GAB",2009,324,24.2,42.9,64.2,NA,NA,NA,0,0
"GAB",2010,314,23.8,41.6,61.7,NA,NA,NA,0,0
"GAB",2011,304,23.5,40.4,59.3,NA,NA,NA,0,0
"GAB",2012,292,23.1,39.1,57.1,NA,NA,NA,0,0
"GAB",2013,277,22.7,37.9,54.9,NA,NA,NA,0,0
"GAB",2014,267,22.2,37.2,52.8,NA,NA,NA,0,0
"GAB",2015,261,21.8,36.1,50.3,NA,NA,NA,0,0
"GAB",2016,256,21.3,34.6,47.4,NA,NA,NA,0,0
"GAB",2017,252,20.9,33.7,45.5,NA,NA,NA,0,0
"GAB",2018,NA,20.5,32.5,44.1,NA,NA,NA,0,NA
"GAB",2019,NA,20.1,31.5,43,NA,NA,NA,NA,NA
"GBR",2000,10,3.8,5.6,6.5,NA,NA,NA,1,1
"GBR",2001,11,3.7,5.5,6.4,NA,NA,NA,1,1
"GBR",2002,11,3.6,5.4,6.3,NA,NA,NA,3,1
"GBR",2003,11,3.6,5.3,6.2,NA,NA,NA,1,1
"GBR",2004,11,3.5,5.2,6.1,NA,NA,NA,1,1
"GBR",2005,11,3.5,5.1,6,NA,NA,NA,53,0
"GBR",2006,11,3.4,5,5.9,NA,NA,NA,0,0
"GBR",2007,11,3.3,4.9,5.8,NA,NA,NA,0,0
"GBR",2008,11,3.2,4.8,5.6,NA,NA,NA,0,1
"GBR",2009,10,3.1,4.6,5.4,NA,NA,NA,2,0
"GBR",2010,10,3,4.4,5.2,NA,NA,NA,0,1
"GBR",2011,9,3,4.3,5,NA,NA,NA,1,0
"GBR",2012,8,2.9,4.1,4.8,NA,NA,NA,0,0
"GBR",2013,8,2.8,4,4.7,NA,NA,NA,0,0
"GBR",2014,8,2.7,3.9,4.5,NA,NA,NA,0,0
"GBR",2015,8,2.7,3.8,4.5,NA,NA,NA,0,0
"GBR",2016,7,2.7,3.8,4.4,NA,NA,NA,0,0
"GBR",2017,7,2.8,3.8,4.4,NA,NA,NA,0,0
"GBR",2018,NA,2.8,3.7,4.3,NA,NA,NA,0,NA
"GBR",2019,NA,2.8,3.7,4.3,NA,NA,NA,NA,NA
"GEO",2000,31,22.8,31.9,36.6,NA,NA,NA,0,0
"GEO",2001,33,21.7,29.9,34.1,NA,NA,NA,0,0
"GEO",2002,42,20.3,27.7,31.5,NA,NA,NA,0,0
"GEO",2003,37,18.9,25.5,28.8,NA,NA,NA,0,1
"GEO",2004,38,17.4,23.2,26.2,NA,NA,NA,27,0
"GEO",2005,39,15.9,21,23.6,NA,NA,NA,0,0
"GEO",2006,33,14.5,19,21.3,NA,NA,NA,0,0
"GEO",2007,36,13.2,17.1,19.1,NA,NA,NA,0,1
"GEO",2008,39,12,15.4,17.2,NA,NA,NA,621,0
"GEO",2009,43,11,13.9,15.6,"Earthquake",1,0,0,1
"GEO",2010,32,10.1,12.7,14.2,NA,NA,NA,3,0
"GEO",2011,32,9.3,11.6,13,NA,NA,NA,0,0
"GEO",2012,30,8.6,10.8,12.1,NA,NA,NA,0,0
"GEO",2013,30,8,10.2,11.4,NA,NA,NA,0,0
"GEO",2014,29,7.3,9.7,10.9,NA,NA,NA,0,0
"GEO",2015,27,6.7,9.4,10.5,NA,NA,NA,0,0
"GEO",2016,26,6.2,9.1,10.2,NA,NA,NA,0,0
"GEO",2017,25,5.8,8.8,9.9,NA,NA,NA,0,0
"GEO",2018,NA,5.4,8.7,9.7,NA,NA,NA,0,NA
"GEO",2019,NA,5.2,8.4,9.5,NA,NA,NA,NA,NA
"GHA",2000,484,35.8,64.3,99.7,NA,NA,NA,30,1
"GHA",2001,445,34.9,62.1,95.7,NA,NA,NA,50,1
"GHA",2002,415,34.2,59.9,91.9,NA,NA,NA,36,0
"GHA",2003,398,33.5,58,88.5,NA,NA,NA,0,0
"GHA",2004,384,33,56.4,85.6,NA,NA,NA,0,0
"GHA",2005,371,32.6,54.9,83,NA,NA,NA,0,0
"GHA",2006,359,32.2,53.5,80.6,NA,NA,NA,0,0
"GHA",2007,349,31.7,52.1,78,NA,NA,NA,0,1
"GHA",2008,342,31.2,50.5,75.3,NA,NA,NA,55,1
"GHA",2009,339,30.5,48.8,72.3,NA,NA,NA,8,1
"GHA",2010,339,29.8,47,69.1,NA,NA,NA,1,0
"GHA",2011,339,29,45.2,65.9,NA,NA,NA,0,0
"GHA",2012,336,28.2,43.4,62.7,NA,NA,NA,0,0
"GHA",2013,331,27.5,41.8,59.8,NA,NA,NA,0,0
"GHA",2014,325,26.8,40.2,57.1,NA,NA,NA,0,0
"GHA",2015,320,26,38.8,54.6,NA,NA,NA,0,0
"GHA",2016,314,25.4,37.4,52.2,NA,NA,NA,0,0
"GHA",2017,308,24.7,36.2,50.1,NA,NA,NA,0,0
"GHA",2018,NA,24.1,35,48.1,NA,NA,NA,0,NA
"GHA",2019,NA,23.5,34,46.4,NA,NA,NA,NA,NA
"GIN",2000,1020,45.5,99.9,164.2,NA,NA,NA,256,1
"GIN",2001,1070,43.4,96.2,157.4,NA,NA,NA,430,0
"GIN",2002,1090,41.9,92.7,150.9,NA,NA,NA,0,0
"GIN",2003,1080,40.7,89.5,144.9,NA,NA,NA,0,0
"GIN",2004,1020,39.6,86.5,139.5,NA,NA,NA,0,1
"GIN",2005,920,38.5,83.9,134.7,NA,NA,NA,3,1
"GIN",2006,831,37.4,81.5,130.4,NA,NA,NA,15,1
"GIN",2007,772,36.5,79.4,126.6,NA,NA,NA,45,0
"GIN",2008,754,35.8,77.6,123.3,NA,NA,NA,0,1
"GIN",2009,750,35.3,75.9,120.3,NA,NA,NA,160,1
"GIN",2010,747,34.7,74.4,117.7,NA,NA,NA,1,1
"GIN",2011,748,34.2,73.1,115.3,NA,NA,NA,25,1
"GIN",2012,744,33.6,71.8,113,NA,NA,NA,9,1
"GIN",2013,731,33,70.5,110.7,NA,NA,NA,98,0
"GIN",2014,767,32.4,69.5,109.2,NA,NA,NA,0,1
"GIN",2015,699,31.9,68.4,107.3,NA,NA,NA,3,0
"GIN",2016,621,31.4,67.1,104.6,NA,NA,NA,0,0
"GIN",2017,576,31.1,66,102.6,NA,NA,NA,0,0
"GIN",2018,NA,30.7,64.7,100.4,NA,NA,NA,0,NA
"GIN",2019,NA,30.3,63.4,98,NA,NA,NA,NA,NA
"GMB",2000,932,40.6,61.6,113.4,NA,NA,NA,0,0
"GMB",2001,905,39.8,59.8,108.7,NA,NA,NA,0,0
"GMB",2002,876,39.1,58.1,104.2,NA,NA,NA,0,0
"GMB",2003,843,38.4,56.4,99.8,NA,NA,NA,0,1
"GMB",2004,802,37.7,54.7,95.6,NA,NA,NA,1,1
"GMB",2005,756,37,53.1,91.5,NA,NA,NA,8,0
"GMB",2006,716,36.3,51.5,87.6,NA,NA,NA,0,0
"GMB",2007,690,35.5,50,83.8,NA,NA,NA,0,0
"GMB",2008,675,34.7,48.6,80.3,NA,NA,NA,0,0
"GMB",2009,668,33.9,47.1,76.8,NA,NA,NA,0,0
"GMB",2010,661,33.1,45.8,73.6,NA,NA,NA,0,0
"GMB",2011,656,32.4,44.5,70.6,NA,NA,NA,0,1
"GMB",2012,650,31.7,43.2,67.7,"Drought",0,1,1,0
"GMB",2013,644,30.9,42,65,NA,NA,NA,0,0
"GMB",2014,637,30.1,40.9,62.4,NA,NA,NA,0,0
"GMB",2015,625,29.4,39.7,59.8,"Drought",0,1,0,0
"GMB",2016,611,28.5,38.6,57.4,NA,NA,NA,0,0
"GMB",2017,597,27.8,37.5,55.1,NA,NA,NA,0,0
"GMB",2018,NA,27.1,36.5,53.1,NA,NA,NA,0,NA
"GMB",2019,NA,26.4,35.6,51.2,NA,NA,NA,NA,NA
"GNB",2000,1210,55.3,105,173.8,NA,NA,NA,0,0
"GNB",2001,1180,54.2,102.1,168.4,NA,NA,NA,0,0
"GNB",2002,1150,53.3,99.1,162.8,NA,NA,NA,0,0
"GNB",2003,1110,52.5,95.9,156.8,NA,NA,NA,0,0
"GNB",2004,1050,51.7,92.6,150.7,NA,NA,NA,0,0
"GNB",2005,979,50.9,89.2,144.5,NA,NA,NA,0,0
"GNB",2006,912,49.8,85.9,138.3,NA,NA,NA,0,0
"GNB",2007,860,48.7,82.5,132.2,NA,NA,NA,0,0
"GNB",2008,827,47.5,79.1,126.1,NA,NA,NA,0,0
"GNB",2009,800,46.2,75.9,120.2,NA,NA,NA,0,0
"GNB",2010,779,44.8,72.6,114.5,NA,NA,NA,0,0
"GNB",2011,762,43.6,69.6,109.1,NA,NA,NA,0,0
"GNB",2012,744,42.3,66.8,104.2,NA,NA,NA,0,0
"GNB",2013,726,41.2,64.3,99.7,NA,NA,NA,0,0
"GNB",2014,711,40.2,62.1,95.7,NA,NA,NA,0,0
"GNB",2015,694,39.2,60,92.1,NA,NA,NA,0,0
"GNB",2016,679,38.4,58.1,88.7,NA,NA,NA,0,0
"GNB",2017,667,37.5,56.3,85.5,NA,NA,NA,0,0
"GNB",2018,NA,36.7,54.6,82.5,NA,NA,NA,0,NA
"GNB",2019,NA,35.9,53,79.6,NA,NA,NA,NA,NA
"GNQ",2000,454,44.3,107.1,155.7,NA,NA,NA,0,0
"GNQ",2001,421,43.7,104.4,151.4,NA,NA,NA,0,0
"GNQ",2002,392,42.9,101.7,147.1,NA,NA,NA,0,0
"GNQ",2003,370,42.1,99,142.8,NA,NA,NA,0,0
"GNQ",2004,357,41.2,96.1,138.2,NA,NA,NA,0,0
"GNQ",2005,344,40.2,93.2,133.5,NA,NA,NA,0,0
"GNQ",2006,331,39.1,90.3,129,NA,NA,NA,0,0
"GNQ",2007,322,37.9,87.4,124.4,NA,NA,NA,0,0
"GNQ",2008,314,36.9,84.5,119.7,NA,NA,NA,0,0
"GNQ",2009,310,35.9,81.7,115.3,NA,NA,NA,0,0
"GNQ",2010,308,35.1,79.1,111.2,NA,NA,NA,0,0
"GNQ",2011,308,34.3,76.7,107.4,NA,NA,NA,0,0
"GNQ",2012,305,33.7,74.3,103.6,NA,NA,NA,0,0
"GNQ",2013,300,33,72.1,100.2,NA,NA,NA,0,0
"GNQ",2014,295,32.5,69.9,96.8,NA,NA,NA,0,0
"GNQ",2015,296,31.8,67.6,93.2,NA,NA,NA,0,0
"GNQ",2016,301,31.2,65.6,90,NA,NA,NA,0,0
"GNQ",2017,301,30.5,63.6,86.9,NA,NA,NA,0,0
"GNQ",2018,NA,29.9,61.7,83.9,NA,NA,NA,0,NA
"GNQ",2019,NA,29.2,60,81.2,NA,NA,NA,NA,NA
"GRC",2000,3,3.9,5.6,6.4,NA,NA,NA,0,0
"GRC",2001,3,3.6,5.2,6,NA,NA,NA,0,0
"GRC",2002,3,3.3,4.9,5.6,NA,NA,NA,0,0
"GRC",2003,3,3,4.6,5.2,NA,NA,NA,0,0
"GRC",2004,3,2.7,4.3,4.9,NA,NA,NA,0,0
"GRC",2005,3,2.5,4,4.6,NA,NA,NA,0,0
"GRC",2006,3,2.4,3.8,4.3,NA,NA,NA,0,0
"GRC",2007,3,2.2,3.6,4.1,NA,NA,NA,0,0
"GRC",2008,3,2.1,3.5,4,NA,NA,NA,0,0
"GRC",2009,3,2.1,3.4,3.9,NA,NA,NA,0,0
"GRC",2010,3,2.1,3.4,3.9,NA,NA,NA,0,0
"GRC",2011,3,2.2,3.5,4,NA,NA,NA,0,0
"GRC",2012,3,2.3,3.5,4,NA,NA,NA,0,0
"GRC",2013,3,2.4,3.6,4.1,NA,NA,NA,0,0
"GRC",2014,3,2.6,3.7,4.3,"Earthquake",1,0,0,0
"GRC",2014,3,2.6,3.7,4.3,"Earthquake",1,0,0,0
"GRC",2015,3,2.6,3.8,4.4,NA,NA,NA,0,0
"GRC",2016,3,2.6,3.9,4.4,NA,NA,NA,0,0
"GRC",2017,3,2.6,3.8,4.3,"Earthquake",1,0,0,0
"GRC",2017,3,2.6,3.8,4.3,"Earthquake",1,0,0,0
"GRC",2018,NA,2.5,3.7,4.2,NA,NA,NA,0,NA
"GRC",2019,NA,2.5,3.7,4.2,NA,NA,NA,NA,NA
"GRD",2000,38,8,12.9,15.5,NA,NA,NA,0,0
"GRD",2001,36,8,12.8,15.2,NA,NA,NA,0,0
"GRD",2002,34,8,12.6,15,NA,NA,NA,0,0
"GRD",2003,34,8,12.5,14.8,NA,NA,NA,0,0
"GRD",2004,38,8,12.5,14.7,NA,NA,NA,0,0
"GRD",2005,33,8,12.4,14.6,NA,NA,NA,0,0
"GRD",2006,31,8,12.5,14.6,NA,NA,NA,0,0
"GRD",2007,31,8.1,12.5,14.6,NA,NA,NA,0,0
"GRD",2008,30,8.3,12.7,14.7,NA,NA,NA,0,0
"GRD",2009,30,8.6,12.8,14.9,NA,NA,NA,0,0
"GRD",2010,29,8.9,13,15.1,"Drought",0,1,0,0
"GRD",2011,28,9.3,13.3,15.3,NA,NA,NA,0,0
"GRD",2012,28,9.7,13.5,15.5,NA,NA,NA,0,0
"GRD",2013,27,10.1,13.8,15.8,NA,NA,NA,0,0
"GRD",2014,26,10.5,14,16,NA,NA,NA,0,0
"GRD",2015,25,10.7,14.3,16.2,NA,NA,NA,0,0
"GRD",2016,25,10.9,14.5,16.4,NA,NA,NA,0,0
"GRD",2017,25,11.1,14.6,16.6,NA,NA,NA,0,0
"GRD",2018,NA,11.1,14.7,16.6,NA,NA,NA,0,NA
"GRD",2019,NA,11.1,14.7,16.5,NA,NA,NA,NA,NA
"GTM",2000,161,21.3,41,52.1,NA,NA,NA,0,1
"GTM",2001,147,20.7,39.5,50.1,NA,NA,NA,5,1
"GTM",2002,145,20.2,38.1,48.1,NA,NA,NA,2,0
"GTM",2003,137,19.7,36.8,46.2,NA,NA,NA,0,1
"GTM",2004,137,19.1,35.6,44.4,NA,NA,NA,1,1
"GTM",2005,142,18.6,34.3,42.7,NA,NA,NA,58,0
"GTM",2006,137,18.2,33.1,41,NA,NA,NA,0,1
"GTM",2007,132,17.7,32,39.4,NA,NA,NA,5,1
"GTM",2008,125,17.3,30.8,37.8,NA,NA,NA,41,1
"GTM",2009,131,16.8,29.7,36.3,"Drought",0,1,1,0
"GTM",2010,129,16.2,28.6,34.8,NA,NA,NA,0,1
"GTM",2011,122,15.6,27.6,33.4,"Earthquake",1,0,27,0
"GTM",2012,118,15,26.5,32,"Drought",0,1,0,0
"GTM",2012,118,15,26.5,32,"Earthquake",1,0,0,0
"GTM",2013,113,14.4,25.6,30.7,"Earthquake",1,0,0,0
"GTM",2014,107,13.9,24.6,29.5,"Earthquake",1,0,0,1
"GTM",2014,107,13.9,24.6,29.5,"Drought",0,1,0,1
"GTM",2015,103,13.4,23.7,28.3,NA,NA,NA,20,0
"GTM",2016,98,12.9,22.9,27.3,NA,NA,NA,0,0
"GTM",2017,95,12.4,22.2,26.4,"Earthquake",1,0,0,0
"GTM",2018,NA,12,21.4,25.4,"Drought",0,1,0,NA
"GTM",2019,NA,11.5,20.7,24.5,NA,NA,NA,NA,NA
"GUY",2000,231,27,37,46.4,NA,NA,NA,0,0
"GUY",2001,216,26.4,36.2,45.2,NA,NA,NA,0,0
"GUY",2002,227,26,35.4,44.2,NA,NA,NA,0,0
"GUY",2003,226,25.5,34.7,43.2,NA,NA,NA,0,0
"GUY",2004,220,25.2,34,42.2,NA,NA,NA,0,0
"GUY",2005,223,24.8,33.4,41.4,NA,NA,NA,0,0
"GUY",2006,221,24.3,32.8,40.5,NA,NA,NA,0,0
"GUY",2007,208,23.9,32.2,39.7,NA,NA,NA,0,1
"GUY",2008,192,23.6,31.7,39,NA,NA,NA,29,0
"GUY",2009,185,23.2,31.1,38.2,NA,NA,NA,0,0
"GUY",2010,179,22.8,30.6,37.4,"Drought",0,1,0,0
"GUY",2011,180,22.4,30,36.7,NA,NA,NA,0,0
"GUY",2012,185,21.9,29.4,35.9,NA,NA,NA,0,0
"GUY",2013,175,21.4,28.8,35,NA,NA,NA,0,0
"GUY",2014,174,20.8,28.1,34.1,NA,NA,NA,0,0
"GUY",2015,172,20.2,27.4,33.1,NA,NA,NA,0,0
"GUY",2016,170,19.6,26.6,32.1,NA,NA,NA,0,0
"GUY",2017,169,19.1,25.9,31.2,NA,NA,NA,0,0
"GUY",2018,NA,18.4,25.2,30.2,NA,NA,NA,0,NA
"GUY",2019,NA,17.9,24.5,29.3,NA,NA,NA,NA,NA
"HND",2000,85,17.7,30.3,37,NA,NA,NA,6,0
"HND",2001,83,17.1,29,35.3,NA,NA,NA,0,1
"HND",2002,80,16.6,27.8,33.7,NA,NA,NA,1,1
"HND",2003,78,16.1,26.6,32.1,NA,NA,NA,47,1
"HND",2004,77,15.6,25.5,30.6,NA,NA,NA,30,0
"HND",2005,77,15.2,24.4,29.2,NA,NA,NA,0,0
"HND",2006,77,14.7,23.4,27.9,NA,NA,NA,0,0
"HND",2007,77,14.2,22.4,26.7,NA,NA,NA,0,1
"HND",2008,76,13.7,21.5,25.5,NA,NA,NA,18,0
"HND",2009,75,13.2,20.6,24.4,"Earthquake",1,0,0,1
"HND",2009,75,13.2,20.6,24.4,"Drought",0,1,0,1
"HND",2010,74,12.7,19.8,23.3,NA,NA,NA,58,1
"HND",2011,72,12.2,19.1,22.4,NA,NA,NA,18,1
"HND",2012,70,11.7,18.4,21.5,"Drought",0,1,18,0
"HND",2013,69,11.3,17.7,20.7,NA,NA,NA,0,1
"HND",2014,68,10.9,17.1,20,"Drought",0,1,21,0
"HND",2015,67,10.5,16.5,19.2,NA,NA,NA,0,1
"HND",2016,65,10.1,16,18.6,NA,NA,NA,10,0
"HND",2017,65,9.8,15.4,18,NA,NA,NA,0,0
"HND",2018,NA,9.4,14.9,17.4,"Drought",0,1,0,NA
"HND",2019,NA,9.1,14.4,16.8,NA,NA,NA,NA,NA
"HRV",2000,11,5.5,7.2,8.3,NA,NA,NA,0,0
"HRV",2001,10,5.3,6.9,8,NA,NA,NA,0,0
"HRV",2002,10,5,6.6,7.7,NA,NA,NA,0,0
"HRV",2003,10,4.7,6.3,7.3,NA,NA,NA,0,0
"HRV",2004,10,4.4,6.1,7,NA,NA,NA,0,0
"HRV",2005,10,4.2,5.8,6.7,NA,NA,NA,0,0
"HRV",2006,9,4,5.5,6.4,NA,NA,NA,0,0
"HRV",2007,9,3.9,5.3,6.2,NA,NA,NA,0,0
"HRV",2008,9,3.8,5.1,5.9,NA,NA,NA,0,0
"HRV",2009,9,3.7,4.9,5.7,NA,NA,NA,0,0
"HRV",2010,9,3.6,4.7,5.5,NA,NA,NA,0,0
"HRV",2011,9,3.4,4.5,5.3,NA,NA,NA,0,0
"HRV",2012,8,3.3,4.4,5.2,NA,NA,NA,0,0
"HRV",2013,9,3.2,4.3,5.1,NA,NA,NA,0,0
"HRV",2014,8,3.1,4.3,5,NA,NA,NA,0,0
"HRV",2015,8,3.1,4.2,4.9,NA,NA,NA,0,0
"HRV",2016,7,3,4.1,4.8,NA,NA,NA,0,0
"HRV",2017,8,3,4.1,4.8,NA,NA,NA,0,0
"HRV",2018,NA,3,4,4.7,NA,NA,NA,0,NA
"HRV",2019,NA,3,3.9,4.6,NA,NA,NA,NA,NA
"HTI",2000,437,29.8,74.5,103.9,NA,NA,NA,0,0
"HTI",2001,437,29.5,72.3,100.5,NA,NA,NA,0,0
"HTI",2002,441,29.3,70.3,97.3,NA,NA,NA,0,0
"HTI",2003,446,29.3,68.4,94.4,NA,NA,NA,0,1
"HTI",2004,513,29.4,66.7,91.8,NA,NA,NA,231,1
"HTI",2005,459,29.4,65.3,89.4,NA,NA,NA,40,0
"HTI",2006,467,29.3,63.8,87.2,NA,NA,NA,0,0
"HTI",2007,473,29.2,62.5,85.2,NA,NA,NA,0,0
"HTI",2008,484,29,61.3,83.2,NA,NA,NA,0,0
"HTI",2009,484,28.7,60,81.2,NA,NA,NA,0,0
"HTI",2010,506,30.6,102.6,203.6,"Earthquake",1,0,0,0
"HTI",2011,496,28.3,57.6,77.4,NA,NA,NA,0,0
"HTI",2012,500,28.1,56.4,75.6,NA,NA,NA,0,0
"HTI",2013,496,27.8,55.3,73.7,NA,NA,NA,0,0
"HTI",2014,492,27.5,54.1,71.9,"Drought",0,1,0,0
"HTI",2015,488,27.1,52.8,69.9,NA,NA,NA,0,0
"HTI",2016,489,26.6,51.5,67.9,"Drought",0,1,0,1
"HTI",2017,480,26.2,50.3,66,NA,NA,NA,8,1
"HTI",2018,NA,25.7,49,64.1,"Earthquake",1,0,71,NA
"HTI",2019,NA,25.2,47.8,62.2,NA,NA,NA,NA,NA
"HUN",2000,16,5.8,8.7,10.1,NA,NA,NA,0,0
"HUN",2001,15,5.5,8.2,9.6,NA,NA,NA,0,0
"HUN",2002,16,5.1,7.6,9,NA,NA,NA,0,0
"HUN",2003,15,4.8,7.1,8.4,NA,NA,NA,0,0
"HUN",2004,15,4.4,6.7,7.9,NA,NA,NA,0,0
"HUN",2005,15,4.1,6.4,7.5,NA,NA,NA,0,0
"HUN",2006,14,3.9,6.1,7.2,NA,NA,NA,0,0
"HUN",2007,15,3.8,5.8,6.8,NA,NA,NA,0,0
"HUN",2008,14,3.6,5.5,6.5,NA,NA,NA,0,0
"HUN",2009,13,3.5,5.2,6.2,NA,NA,NA,0,0
"HUN",2010,13,3.4,5.1,6,NA,NA,NA,0,0
"HUN",2011,13,3.3,4.9,5.9,NA,NA,NA,0,0
"HUN",2012,12,3.2,4.8,5.7,NA,NA,NA,0,0
"HUN",2013,12,3,4.7,5.6,"Earthquake",1,0,0,0
"HUN",2014,12,2.9,4.5,5.4,NA,NA,NA,0,0
"HUN",2015,12,2.7,4.2,5.1,NA,NA,NA,0,0
"HUN",2016,12,2.5,4,4.7,NA,NA,NA,0,0
"HUN",2017,12,2.4,3.7,4.4,NA,NA,NA,0,0
"HUN",2018,NA,2.3,3.5,4.2,NA,NA,NA,0,NA
"HUN",2019,NA,2.2,3.4,4.1,NA,NA,NA,NA,NA
"IDN",2000,272,22.8,41,52.2,NA,NA,NA,917,1
"IDN",2001,269,22.1,39.4,49.8,NA,NA,NA,834,1
"IDN",2002,265,21.4,37.8,47.6,NA,NA,NA,762,1
"IDN",2003,261,20.9,36.4,45.5,NA,NA,NA,1068,1
"IDN",2004,264,20.5,37.1,49.6,NA,NA,NA,1082,1
"IDN",2005,252,19.9,33.6,41.7,NA,NA,NA,242,1
"IDN",2006,249,19.5,32.4,39.9,NA,NA,NA,13,1
"IDN",2007,243,19.1,31.2,38.3,NA,NA,NA,2,1
"IDN",2008,239,18.7,30,36.7,NA,NA,NA,6,0
"IDN",2009,234,18.1,29,35.2,"Earthquake",1,0,0,0
"IDN",2009,234,18.1,29,35.2,"Earthquake",1,0,0,0
"IDN",2009,234,18.1,29,35.2,"Earthquake",1,0,0,0
"IDN",2009,234,18.1,29,35.2,"Earthquake",1,0,0,0
"IDN",2009,234,18.1,29,35.2,"Earthquake",1,0,0,0
"IDN",2010,228,17.5,27.9,33.8,"Earthquake",1,0,0,1
"IDN",2010,228,17.5,27.9,33.8,"Earthquake",1,0,0,1
"IDN",2011,221,16.8,26.9,32.5,"Earthquake",1,0,9,1
"IDN",2011,221,16.8,26.9,32.5,"Earthquake",1,0,9,1
"IDN",2012,214,16.1,25.9,31.2,"Earthquake",1,0,1,1
"IDN",2012,214,16.1,25.9,31.2,"Earthquake",1,0,1,1
"IDN",2013,207,15.4,25,30,"Earthquake",1,0,20,1
"IDN",2013,207,15.4,25,30,"Earthquake",1,0,20,1
"IDN",2013,207,15.4,25,30,"Earthquake",1,0,20,1
"IDN",2014,199,14.8,24.1,28.8,NA,NA,NA,12,1
"IDN",2015,192,14.2,23.2,27.7,"Drought",0,1,4,0
"IDN",2015,192,14.2,23.2,27.7,"Earthquake",1,0,4,0
"IDN",2016,184,13.6,22.4,26.6,"Earthquake",1,0,0,1
"IDN",2016,184,13.6,22.4,26.6,"Earthquake",1,0,0,1
"IDN",2016,184,13.6,22.4,26.6,"Earthquake",1,0,0,1
"IDN",2017,177,13.1,21.6,25.6,"Earthquake",1,0,2,1
"IDN",2018,NA,12.6,20.8,24.6,"Earthquake",1,0,32,NA
"IDN",2018,NA,12.6,20.8,24.6,"Earthquake",1,0,32,NA
"IDN",2018,NA,12.6,20.8,24.6,"Earthquake",1,0,32,NA
"IDN",2018,NA,12.6,20.8,24.6,"Earthquake",1,0,32,NA
"IDN",2018,NA,12.6,20.8,24.6,"Earthquake",1,0,32,NA
"IDN",2019,NA,12.2,20.2,23.8,"Earthquake",1,0,NA,NA
"IDN",2019,NA,12.2,20.2,23.8,"Earthquake",1,0,NA,NA
"IDN",2019,NA,12.2,20.2,23.8,"Earthquake",1,0,NA,NA
"IDN",2019,NA,12.2,20.2,23.8,"Earthquake",1,0,NA,NA
"IDN",2019,NA,12.2,20.2,23.8,"Earthquake",1,0,NA,NA
"IND",2000,370,44.7,66.7,91.7,NA,NA,NA,4093,1
"IND",2001,354,43.3,64.4,88.1,NA,NA,NA,1730,1
"IND",2002,336,41.9,62.1,84.5,NA,NA,NA,3035,1
"IND",2003,319,40.5,60,81.1,NA,NA,NA,2426,1
"IND",2004,303,39.1,57.8,77.8,NA,NA,NA,1642,1
"IND",2005,286,37.9,55.7,74.4,NA,NA,NA,2015,1
"IND",2006,270,36.6,53.6,71.1,NA,NA,NA,2155,1
"IND",2007,255,35.4,51.5,67.9,NA,NA,NA,1720,1
"IND",2008,240,34.3,49.4,64.6,NA,NA,NA,1856,1
"IND",2009,225,33.1,47.2,61.4,"Drought",0,1,1621,1
"IND",2010,210,31.8,45.1,58.2,NA,NA,NA,1633,1
"IND",2011,197,30.6,43,55,"Earthquake",1,0,798,1
"IND",2012,185,29.4,40.9,52,NA,NA,NA,801,1
"IND",2013,175,28.2,38.8,49,"Earthquake",1,0,702,1
"IND",2014,166,27,36.9,46.2,NA,NA,NA,734,1
"IND",2015,158,25.9,34.9,43.5,"Earthquake",1,0,622,1
"IND",2015,158,25.9,34.9,43.5,"Earthquake",1,0,622,1
"IND",2015,158,25.9,34.9,43.5,"Earthquake",1,0,622,1
"IND",2015,158,25.9,34.9,43.5,"Drought",0,1,622,1
"IND",2016,150,24.8,33.1,41,"Earthquake",1,0,761,1
"IND",2017,145,23.7,31.4,38.6,NA,NA,NA,847,1
"IND",2018,NA,22.7,29.8,36.3,"Drought",0,1,950,NA
"IND",2019,NA,21.4,28.3,34.4,NA,NA,NA,NA,NA
"IRL",2000,7,4,6,7.1,NA,NA,NA,0,0
"IRL",2001,7,3.9,5.8,6.9,NA,NA,NA,0,0
"IRL",2002,6,3.7,5.5,6.5,NA,NA,NA,0,0
"IRL",2003,6,3.5,5.1,6,NA,NA,NA,0,0
"IRL",2004,6,3.3,4.7,5.6,NA,NA,NA,0,0
"IRL",2005,7,3,4.4,5.2,NA,NA,NA,0,0
"IRL",2006,6,2.8,4.1,4.9,NA,NA,NA,0,0
"IRL",2007,6,2.6,3.9,4.6,NA,NA,NA,0,0
"IRL",2008,7,2.5,3.8,4.4,NA,NA,NA,0,0
"IRL",2009,7,2.5,3.6,4.3,NA,NA,NA,0,0
"IRL",2010,6,2.5,3.5,4.2,NA,NA,NA,0,0
"IRL",2011,7,2.5,3.5,4.1,NA,NA,NA,0,0
"IRL",2012,6,2.5,3.4,4,NA,NA,NA,0,0
"IRL",2013,6,2.5,3.3,3.9,NA,NA,NA,0,0
"IRL",2014,6,2.5,3.3,3.8,NA,NA,NA,0,0
"IRL",2015,6,2.4,3.2,3.7,NA,NA,NA,0,0
"IRL",2016,6,2.3,3.1,3.6,NA,NA,NA,0,0
"IRL",2017,5,2.2,3,3.4,NA,NA,NA,0,0
"IRL",2018,NA,2.2,2.8,3.3,NA,NA,NA,0,NA
"IRL",2019,NA,2.1,2.7,3.2,NA,NA,NA,NA,NA
"IRN",2000,48,19.5,29.7,36.2,NA,NA,NA,41,1
"IRN",2001,44,18.8,28.2,34.2,NA,NA,NA,112,0
"IRN",2002,41,18.1,26.7,32.2,NA,NA,NA,0,1
"IRN",2003,39,17.4,25.1,30.2,NA,NA,NA,2,0
"IRN",2004,36,16.7,23.6,28.2,NA,NA,NA,0,1
"IRN",2005,34,16,22.2,26.4,NA,NA,NA,53,1
"IRN",2006,32,15.4,20.9,24.7,NA,NA,NA,61,1
"IRN",2007,30,14.7,19.7,23.1,NA,NA,NA,86,1
"IRN",2008,28,14,18.5,21.7,NA,NA,NA,117,1
"IRN",2009,25,13.3,17.4,20.4,"Earthquake",1,0,167,1
"IRN",2010,22,12.6,16.5,19.3,"Earthquake",1,0,101,1
"IRN",2010,22,12.6,16.5,19.3,"Earthquake",1,0,101,1
"IRN",2010,22,12.6,16.5,19.3,"Earthquake",1,0,101,1
"IRN",2010,22,12.6,16.5,19.3,"Earthquake",1,0,101,1
"IRN",2010,22,12.6,16.5,19.3,"Earthquake",1,0,101,1
"IRN",2010,22,12.6,16.5,19.3,"Earthquake",1,0,101,1
"IRN",2011,19,11.9,15.7,18.3,NA,NA,NA,220,1
"IRN",2012,18,11.3,15,17.5,"Earthquake",1,0,17,1
"IRN",2012,18,11.3,15,17.5,"Earthquake",1,0,17,1
"IRN",2012,18,11.3,15,17.5,"Earthquake",1,0,17,1
"IRN",2013,17,10.8,14.4,16.8,"Earthquake",1,0,11,1
"IRN",2013,17,10.8,14.4,16.8,"Earthquake",1,0,11,1
"IRN",2013,17,10.8,14.4,16.8,"Earthquake",1,0,11,1
"IRN",2014,17,10.4,13.8,16.1,"Earthquake",1,0,5,1
"IRN",2014,17,10.4,13.8,16.1,"Earthquake",1,0,5,1
"IRN",2015,17,10,13.3,15.5,NA,NA,NA,25,1
"IRN",2016,16,9.6,12.8,14.9,NA,NA,NA,69,1
"IRN",2017,16,9.2,12.4,14.4,"Earthquake",1,0,58,1
"IRN",2017,16,9.2,12.4,14.4,"Earthquake",1,0,58,1
"IRN",2017,16,9.2,12.4,14.4,"Earthquake",1,0,58,1
"IRN",2018,NA,8.9,11.9,13.9,"Earthquake",1,0,92,NA
"IRN",2018,NA,8.9,11.9,13.9,"Earthquake",1,0,92,NA
"IRN",2018,NA,8.9,11.9,13.9,"Earthquake",1,0,92,NA
"IRN",2019,NA,8.6,11.5,13.4,"Earthquake",1,0,NA,NA
"IRN",2019,NA,8.6,11.5,13.4,"Earthquake",1,0,NA,NA
"IRQ",2000,79,23.9,35.6,44.5,NA,NA,NA,193,1
"IRQ",2001,76,23.6,34.9,43.5,NA,NA,NA,56,1
"IRQ",2002,74,23.3,34.3,42.6,NA,NA,NA,111,1
"IRQ",2003,136,23,33.7,41.8,NA,NA,NA,8021,1
"IRQ",2004,122,22.6,33.1,40.9,NA,NA,NA,4366,1
"IRQ",2005,127,22.2,32.4,40,NA,NA,NA,3521,1
"IRQ",2006,158,21.8,31.8,39.1,NA,NA,NA,4598,1
"IRQ",2007,138,21.4,31.1,38.1,NA,NA,NA,4489,1
"IRQ",2008,90,21,30.3,37.1,NA,NA,NA,2765,1
"IRQ",2009,75,20.5,29.5,36,NA,NA,NA,1720,1
"IRQ",2010,70,19.9,28.7,34.9,NA,NA,NA,1857,1
"IRQ",2011,67,19.3,27.9,33.8,NA,NA,NA,1399,1
"IRQ",2012,66,18.7,27.1,32.8,NA,NA,NA,1407,1
"IRQ",2013,75,18.1,26.3,31.7,NA,NA,NA,4010,1
"IRQ",2014,92,17.5,25.5,30.7,NA,NA,NA,16437,1
"IRQ",2015,83,17,24.8,29.7,NA,NA,NA,11303,1
"IRQ",2016,78,16.4,24.1,28.8,NA,NA,NA,12025,1
"IRQ",2017,79,15.9,23.4,27.9,"Earthquake",1,0,11400,1
"IRQ",2018,NA,15.4,22.7,27,NA,NA,NA,1443,NA
"IRQ",2019,NA,14.9,22,26.1,NA,NA,NA,NA,NA
"ISL",2000,6,2.1,3.2,4.1,NA,NA,NA,0,0
"ISL",2001,6,2,3.1,3.9,NA,NA,NA,0,0
"ISL",2002,6,1.9,2.9,3.7,NA,NA,NA,0,0
"ISL",2003,6,1.8,2.8,3.5,NA,NA,NA,0,0
"ISL",2004,6,1.7,2.7,3.4,NA,NA,NA,0,0
"ISL",2005,5,1.6,2.6,3.2,NA,NA,NA,0,0
"ISL",2006,5,1.6,2.5,3.1,NA,NA,NA,0,0
"ISL",2007,5,1.5,2.4,3,NA,NA,NA,0,0
"ISL",2008,5,1.4,2.3,2.9,NA,NA,NA,0,0
"ISL",2009,5,1.4,2.2,2.8,NA,NA,NA,0,0
"ISL",2010,5,1.3,2.2,2.7,NA,NA,NA,0,0
"ISL",2011,5,1.3,2.1,2.6,NA,NA,NA,0,0
"ISL",2012,4,1.3,2,2.5,NA,NA,NA,0,0
"ISL",2013,4,1.2,1.9,2.4,NA,NA,NA,0,0
"ISL",2014,5,1.2,1.9,2.4,NA,NA,NA,0,0
"ISL",2015,4,1.2,1.8,2.3,NA,NA,NA,0,0
"ISL",2016,4,1.1,1.8,2.2,NA,NA,NA,0,0
"ISL",2017,4,1.1,1.7,2.1,NA,NA,NA,0,0
"ISL",2018,NA,1.1,1.6,2.1,NA,NA,NA,0,NA
"ISL",2019,NA,1,1.6,2,NA,NA,NA,NA,NA
"ITA",2000,4,3.5,4.7,5.6,NA,NA,NA,0,0
"ITA",2001,3,3.2,4.5,5.3,NA,NA,NA,0,0
"ITA",2002,3,3.1,4.3,5,NA,NA,NA,0,0
"ITA",2003,3,2.9,4.1,4.8,NA,NA,NA,0,0
"ITA",2004,3,2.8,3.9,4.6,NA,NA,NA,0,0
"ITA",2005,3,2.7,3.8,4.5,NA,NA,NA,0,0
"ITA",2006,2,2.6,3.7,4.3,NA,NA,NA,0,0
"ITA",2007,2,2.5,3.6,4.2,NA,NA,NA,0,0
"ITA",2008,2,2.5,3.5,4.1,NA,NA,NA,0,0
"ITA",2009,2,2.5,3.4,4.1,"Earthquake",1,0,0,0
"ITA",2010,2,2.4,3.4,4,NA,NA,NA,0,0
"ITA",2011,2,2.4,3.3,3.9,NA,NA,NA,0,0
"ITA",2012,2,2.3,3.2,3.8,"Drought",0,1,0,0
"ITA",2012,2,2.3,3.2,3.8,"Earthquake",1,0,0,0
"ITA",2012,2,2.3,3.2,3.8,"Earthquake",1,0,0,0
"ITA",2013,2,2.2,3.1,3.7,NA,NA,NA,0,0
"ITA",2014,2,2.2,3,3.6,NA,NA,NA,0,0
"ITA",2015,2,2.1,3,3.5,NA,NA,NA,0,0
"ITA",2016,2,2.1,2.9,3.4,"Earthquake",1,0,0,0
"ITA",2016,2,2.1,2.9,3.4,"Earthquake",1,0,0,0
"ITA",2016,2,2.1,2.9,3.4,"Earthquake",1,0,0,0
"ITA",2017,2,2,2.8,3.3,"Earthquake",1,0,0,0
"ITA",2017,2,2,2.8,3.3,"Earthquake",1,0,0,0
"ITA",2017,2,2,2.8,3.3,"Drought",0,1,0,0
"ITA",2018,NA,1.9,2.7,3.2,NA,NA,NA,0,NA
"ITA",2019,NA,1.8,2.6,3,NA,NA,NA,NA,NA
"JAM",2000,77,17,18.9,22.2,NA,NA,NA,0,1
"JAM",2001,79,16.5,18.4,21.6,NA,NA,NA,116,1
"JAM",2002,78,16.1,18,21.1,NA,NA,NA,15,1
"JAM",2003,79,15.6,17.6,20.7,NA,NA,NA,7,0
"JAM",2004,80,15.1,17.3,20.3,NA,NA,NA,0,0
"JAM",2005,80,14.7,17,19.9,NA,NA,NA,0,0
"JAM",2006,79,14.2,16.7,19.6,NA,NA,NA,0,0
"JAM",2007,79,13.9,16.5,19.2,NA,NA,NA,0,0
"JAM",2008,79,13.6,16.2,18.9,NA,NA,NA,0,0
"JAM",2009,79,13.2,15.8,18.5,NA,NA,NA,0,0
"JAM",2010,79,12.9,15.4,18,NA,NA,NA,0,0
"JAM",2011,79,12.5,15.1,17.5,NA,NA,NA,0,0
"JAM",2012,79,12.2,14.6,17,NA,NA,NA,0,0
"JAM",2013,79,11.8,14.2,16.5,NA,NA,NA,0,0
"JAM",2014,78,11.4,13.8,16,"Drought",0,1,0,0
"JAM",2015,78,11,13.4,15.5,NA,NA,NA,0,0
"JAM",2016,80,10.7,13,15.1,NA,NA,NA,0,0
"JAM",2017,80,10.3,12.6,14.6,NA,NA,NA,0,0
"JAM",2018,NA,10,12.2,14.2,NA,NA,NA,0,NA
"JAM",2019,NA,9.6,11.8,13.7,NA,NA,NA,NA,NA
"JOR",2000,70,16,22.5,26.8,NA,NA,NA,0,0
"JOR",2001,68,15.6,22,26.1,NA,NA,NA,0,0
"JOR",2002,65,15.2,21.4,25.3,NA,NA,NA,0,0
"JOR",2003,63,14.7,20.8,24.6,NA,NA,NA,0,0
"JOR",2004,62,14.2,20.2,23.9,NA,NA,NA,0,1
"JOR",2005,62,13.8,19.7,23.2,NA,NA,NA,59,0
"JOR",2006,58,13.3,19.2,22.5,NA,NA,NA,0,0
"JOR",2007,56,12.9,18.7,21.9,NA,NA,NA,0,0
"JOR",2008,55,12.5,18.1,21.3,NA,NA,NA,0,0
"JOR",2009,54,12.2,17.6,20.7,NA,NA,NA,0,0
"JOR",2010,53,11.8,17.2,20.1,NA,NA,NA,0,0
"JOR",2011,52,11.5,16.7,19.5,NA,NA,NA,0,0
"JOR",2012,52,11.2,16.2,19,NA,NA,NA,0,0
"JOR",2013,51,10.9,15.8,18.4,NA,NA,NA,0,0
"JOR",2014,49,10.6,15.4,17.9,NA,NA,NA,0,1
"JOR",2015,48,10.2,15,17.5,NA,NA,NA,1,1
"JOR",2016,47,10,14.6,17,NA,NA,NA,37,0
"JOR",2017,46,9.7,14.1,16.4,NA,NA,NA,0,0
"JOR",2018,NA,9.4,13.7,16,NA,NA,NA,0,NA
"JOR",2019,NA,9.1,13.3,15.5,NA,NA,NA,NA,NA
"JPN",2000,9,1.8,3.3,4.5,NA,NA,NA,0,0
"JPN",2001,8,1.7,3.1,4.3,NA,NA,NA,0,0
"JPN",2002,8,1.7,3,4.1,NA,NA,NA,0,0
"JPN",2003,7,1.6,2.9,4,NA,NA,NA,0,0
"JPN",2004,7,1.5,2.8,3.9,NA,NA,NA,0,0
"JPN",2005,7,1.4,2.8,3.7,NA,NA,NA,0,0
"JPN",2006,7,1.3,2.7,3.6,NA,NA,NA,0,0
"JPN",2007,6,1.3,2.6,3.5,NA,NA,NA,0,0
"JPN",2008,6,1.2,2.5,3.4,NA,NA,NA,0,0
"JPN",2009,6,1.2,2.4,3.3,"Earthquake",1,0,0,0
"JPN",2010,6,1.1,2.4,3.2,NA,NA,NA,0,0
"JPN",2011,6,1,2.3,3.2,"Earthquake",1,0,0,0
"JPN",2011,6,1,2.3,3.2,"Earthquake",1,0,0,0
"JPN",2012,5,1,2.2,3,NA,NA,NA,0,0
"JPN",2013,5,1,2.1,2.9,"Earthquake",1,0,0,0
"JPN",2014,5,0.9,2.1,2.8,"Earthquake",1,0,0,0
"JPN",2015,5,0.9,2,2.7,NA,NA,NA,0,0
"JPN",2016,5,0.9,2,2.7,"Earthquake",1,0,0,0
"JPN",2016,5,0.9,2,2.7,"Earthquake",1,0,0,0
"JPN",2016,5,0.9,2,2.7,"Earthquake",1,0,0,0
"JPN",2017,5,0.9,1.9,2.6,NA,NA,NA,0,0
"JPN",2018,NA,0.9,1.9,2.6,"Earthquake",1,0,0,NA
"JPN",2018,NA,0.9,1.9,2.6,"Earthquake",1,0,0,NA
"JPN",2019,NA,0.9,1.8,2.5,"Earthquake",1,0,NA,NA
"KAZ",2000,61,23.9,36.7,42.5,NA,NA,NA,0,0
"KAZ",2001,57,23.3,34.6,39.9,NA,NA,NA,0,0
"KAZ",2002,52,22.7,32.6,37.5,NA,NA,NA,0,0
"KAZ",2003,49,21.8,30.8,35.2,NA,NA,NA,0,0
"KAZ",2004,46,20.8,29,33.1,NA,NA,NA,0,0
"KAZ",2005,43,19.7,27.3,31,NA,NA,NA,0,0
"KAZ",2006,40,18.5,25.6,29,NA,NA,NA,0,0
"KAZ",2007,36,17,23.8,26.8,NA,NA,NA,0,0
"KAZ",2008,30,15.3,21.9,24.7,NA,NA,NA,0,0
"KAZ",2009,24,13.5,20,22.5,NA,NA,NA,0,0
"KAZ",2010,22,11.8,18.2,20.4,NA,NA,NA,0,0
"KAZ",2011,19,10.2,16.4,18.3,NA,NA,NA,0,0
"KAZ",2012,17,8.6,14.6,16.3,NA,NA,NA,0,0
"KAZ",2013,14,7.3,13,14.6,NA,NA,NA,0,0
"KAZ",2014,13,6.2,11.6,13,NA,NA,NA,0,0
"KAZ",2015,12,5.6,10.6,11.9,NA,NA,NA,0,0
"KAZ",2016,10,5.1,9.8,11,NA,NA,NA,0,0
"KAZ",2017,10,4.9,9.4,10.5,NA,NA,NA,0,0
"KAZ",2018,NA,4.7,9.2,10.3,NA,NA,NA,0,NA
"KAZ",2019,NA,4.7,9,10.1,NA,NA,NA,NA,NA
"KEN",2000,708,28.2,59.9,98.5,NA,NA,NA,254,1
"KEN",2001,702,28,57.8,94.2,NA,NA,NA,192,1
"KEN",2002,692,27.8,55.5,89.8,NA,NA,NA,45,1
"KEN",2003,678,27.5,53.2,85.4,NA,NA,NA,7,1
"KEN",2004,653,27.1,50.8,81,NA,NA,NA,20,1
"KEN",2005,618,26.6,48,76.3,NA,NA,NA,215,1
"KEN",2006,583,26.1,45.7,72,NA,NA,NA,219,1
"KEN",2007,545,25.6,43.7,68,NA,NA,NA,200,1
"KEN",2008,513,25.1,41.4,63.5,NA,NA,NA,783,1
"KEN",2009,472,24.6,40.4,59.9,NA,NA,NA,170,1
"KEN",2010,432,24.2,39.3,57.4,"Drought",0,1,87,1
"KEN",2011,398,23.9,38.5,55.5,"Drought",0,1,144,1
"KEN",2012,373,23.5,38.2,54.1,NA,NA,NA,309,1
"KEN",2013,364,23.2,37.4,52.3,NA,NA,NA,267,1
"KEN",2014,358,22.9,36.4,50.6,"Drought",0,1,344,1
"KEN",2015,353,22.6,35.2,48.9,NA,NA,NA,389,1
"KEN",2016,346,22.2,34.4,47.2,"Drought",0,1,130,1
"KEN",2017,342,21.8,33.7,45.9,NA,NA,NA,228,1
"KEN",2018,NA,21.4,32.7,44.3,NA,NA,NA,164,NA
"KEN",2019,NA,21,32,43,"Drought",0,1,NA,NA
"KGZ",2000,79,20.6,42.5,49.8,NA,NA,NA,174,0
"KGZ",2001,76,20.2,40.6,47.4,NA,NA,NA,0,0
"KGZ",2002,83,20,38.8,45.2,NA,NA,NA,0,0
"KGZ",2003,82,19.9,37.1,43.1,NA,NA,NA,0,0
"KGZ",2004,79,19.7,35.6,41.1,NA,NA,NA,0,0
"KGZ",2005,82,19.6,34.1,39.2,NA,NA,NA,0,1
"KGZ",2006,85,19.5,32.7,37.5,NA,NA,NA,6,0
"KGZ",2007,84,19.1,31.2,35.7,NA,NA,NA,0,0
"KGZ",2008,81,18.5,29.6,33.7,NA,NA,NA,0,0
"KGZ",2009,80,17.7,27.8,31.6,"Drought",0,1,0,1
"KGZ",2010,79,16.9,26.1,29.5,NA,NA,NA,44,0
"KGZ",2011,79,16.3,24.5,27.7,"Earthquake",1,0,0,0
"KGZ",2012,74,15.9,23.2,26.1,NA,NA,NA,0,0
"KGZ",2013,70,15.5,22,24.7,NA,NA,NA,0,0
"KGZ",2014,69,15.1,20.9,23.5,NA,NA,NA,0,1
"KGZ",2015,66,14.6,19.9,22.3,"Earthquake",1,0,1,0
"KGZ",2016,63,14,18.9,21.2,NA,NA,NA,0,0
"KGZ",2017,60,13.4,18,20.1,"Earthquake",1,0,0,0
"KGZ",2018,NA,12.8,17.1,19.2,NA,NA,NA,0,NA
"KGZ",2019,NA,12.2,16.4,18.3,NA,NA,NA,NA,NA
"KHM",2000,488,35.2,79.2,106.3,NA,NA,NA,4,0
"KHM",2001,456,33.4,73.4,96.6,NA,NA,NA,0,0
"KHM",2002,430,31.5,67.3,86.7,NA,NA,NA,0,1
"KHM",2003,404,29.7,61.8,78,NA,NA,NA,1,0
"KHM",2004,378,28.2,56.9,70.7,NA,NA,NA,0,0
"KHM",2005,351,26.8,52.8,64.7,NA,NA,NA,0,0
"KHM",2006,326,25.6,49.3,59.7,NA,NA,NA,0,1
"KHM",2007,303,24.5,46.2,55.4,NA,NA,NA,2,1
"KHM",2008,284,23.5,43.2,51.3,NA,NA,NA,2,1
"KHM",2009,265,22.4,40.2,47.5,NA,NA,NA,2,0
"KHM",2010,248,21.3,37.3,43.8,NA,NA,NA,0,1
"KHM",2011,232,20.3,34.6,40.5,NA,NA,NA,10,1
"KHM",2012,215,19.3,32.3,37.7,NA,NA,NA,1,0
"KHM",2013,202,18.3,30.3,35.3,NA,NA,NA,0,0
"KHM",2014,189,17.2,28.7,33.4,NA,NA,NA,0,0
"KHM",2015,178,16.4,27.3,31.8,NA,NA,NA,0,0
"KHM",2016,168,15.6,26,30.3,"Drought",0,1,0,0
"KHM",2017,160,14.9,24.9,29,NA,NA,NA,0,0
"KHM",2018,NA,14.3,23.8,27.7,NA,NA,NA,0,NA
"KHM",2019,NA,13.8,22.9,26.6,NA,NA,NA,NA,NA
"KIR",2000,136,28,51.7,68.1,NA,NA,NA,0,0
"KIR",2001,131,27.4,50.7,66.6,NA,NA,NA,0,0
"KIR",2002,127,26.9,50,65.5,NA,NA,NA,0,0
"KIR",2003,124,26.5,49.5,64.8,NA,NA,NA,0,0
"KIR",2004,121,26.2,49.4,64.6,NA,NA,NA,0,0
"KIR",2005,119,26,49.4,64.7,NA,NA,NA,0,0
"KIR",2006,117,25.8,49.7,65.1,NA,NA,NA,0,0
"KIR",2007,115,25.8,50,65.5,NA,NA,NA,0,0
"KIR",2008,115,25.7,50,65.6,NA,NA,NA,0,0
"KIR",2009,113,25.6,49.8,65.2,NA,NA,NA,0,0
"KIR",2010,112,25.4,49.3,64.4,NA,NA,NA,0,0
"KIR",2011,110,25.2,48.6,63.3,NA,NA,NA,0,0
"KIR",2012,107,24.8,47.8,62.1,NA,NA,NA,0,0
"KIR",2013,104,24.4,46.8,60.8,NA,NA,NA,0,0
"KIR",2014,100,24,45.8,59.2,NA,NA,NA,0,0
"KIR",2015,97,23.6,44.7,57.6,NA,NA,NA,0,0
"KIR",2016,94,23.2,43.6,56,NA,NA,NA,0,0
"KIR",2017,92,22.8,42.6,54.5,NA,NA,NA,0,0
"KIR",2018,NA,22.3,41.4,52.8,NA,NA,NA,0,NA
"KIR",2019,NA,21.9,40.3,51.2,NA,NA,NA,NA,NA
"KOR",2000,17,3.4,6.5,7.5,NA,NA,NA,0,0
"KOR",2001,15,3.2,6.1,7.1,NA,NA,NA,0,0
"KOR",2002,15,3,5.8,6.8,NA,NA,NA,0,0
"KOR",2003,16,2.8,5.5,6.4,NA,NA,NA,0,0
"KOR",2004,15,2.6,5.1,6,NA,NA,NA,0,0
"KOR",2005,15,2.4,4.8,5.6,NA,NA,NA,0,0
"KOR",2006,14,2.2,4.4,5.2,NA,NA,NA,0,0
"KOR",2007,15,2,4.1,4.8,NA,NA,NA,0,0
"KOR",2008,15,1.9,3.9,4.5,NA,NA,NA,0,0
"KOR",2009,16,1.8,3.7,4.3,NA,NA,NA,0,0
"KOR",2010,15,1.8,3.5,4.1,NA,NA,NA,0,0
"KOR",2011,14,1.7,3.4,4,NA,NA,NA,0,0
"KOR",2012,13,1.7,3.3,3.8,NA,NA,NA,0,0
"KOR",2013,13,1.7,3.2,3.7,NA,NA,NA,0,0
"KOR",2014,12,1.7,3.1,3.6,NA,NA,NA,0,0
"KOR",2015,12,1.6,3,3.5,NA,NA,NA,0,0
"KOR",2016,11,1.6,2.9,3.4,"Earthquake",1,0,0,0
"KOR",2017,11,1.6,2.8,3.3,"Earthquake",1,0,0,0
"KOR",2018,NA,1.5,2.8,3.2,NA,NA,NA,0,NA
"KOR",2019,NA,1.5,2.7,3.1,NA,NA,NA,NA,NA
"KWT",2000,10,6.6,10.7,12.4,NA,NA,NA,0,0
"KWT",2001,10,6.4,10.5,12.2,NA,NA,NA,0,0
"KWT",2002,10,6.2,10.3,12,NA,NA,NA,0,0
"KWT",2003,10,6.1,10.1,11.8,NA,NA,NA,0,0
"KWT",2004,10,5.9,10,11.6,NA,NA,NA,0,0
"KWT",2005,10,5.8,9.8,11.4,NA,NA,NA,0,0
"KWT",2006,10,5.8,9.7,11.2,NA,NA,NA,0,0
"KWT",2007,10,5.7,9.5,11.1,NA,NA,NA,0,0
"KWT",2008,10,5.7,9.4,10.9,NA,NA,NA,0,0
"KWT",2009,10,5.6,9.2,10.7,NA,NA,NA,0,0
"KWT",2010,10,5.5,8.9,10.4,NA,NA,NA,0,0
"KWT",2011,10,5.3,8.5,10,NA,NA,NA,0,0
"KWT",2012,11,5.2,8.2,9.6,NA,NA,NA,0,0
"KWT",2013,11,5.1,7.9,9.2,NA,NA,NA,0,0
"KWT",2014,11,5,7.7,8.9,NA,NA,NA,0,1
"KWT",2015,11,4.9,7.5,8.8,NA,NA,NA,26,0
"KWT",2016,12,4.9,7.4,8.7,NA,NA,NA,0,0
"KWT",2017,12,4.9,7.4,8.7,NA,NA,NA,0,0
"KWT",2018,NA,4.9,7.5,8.7,NA,NA,NA,0,NA
"KWT",2019,NA,4.9,7.5,8.8,NA,NA,NA,NA,NA
"LAO",2000,544,38.2,76.5,107.2,NA,NA,NA,7,0
"LAO",2001,517,37.3,73.9,103.1,NA,NA,NA,0,1
"LAO",2002,491,36.4,71.3,98.9,NA,NA,NA,4,1
"LAO",2003,465,35.5,68.7,94.8,NA,NA,NA,5,1
"LAO",2004,437,34.6,66.1,90.8,NA,NA,NA,4,0
"LAO",2005,410,33.6,63.6,86.8,NA,NA,NA,0,1
"LAO",2006,385,32.7,61.1,82.9,NA,NA,NA,73,0
"LAO",2007,360,31.7,58.7,79.1,NA,NA,NA,0,0
"LAO",2008,336,30.7,56.3,75.4,NA,NA,NA,0,0
"LAO",2009,314,29.8,54,71.7,NA,NA,NA,0,0
"LAO",2010,292,28.9,51.8,68.3,NA,NA,NA,0,0
"LAO",2011,272,28,49.7,65.1,NA,NA,NA,0,0
"LAO",2012,254,27.2,47.6,61.9,NA,NA,NA,0,0
"LAO",2013,238,26.3,45.7,59,NA,NA,NA,0,0
"LAO",2014,223,25.5,43.8,56.3,NA,NA,NA,0,0
"LAO",2015,209,24.8,42.1,53.8,NA,NA,NA,0,0
"LAO",2016,196,24.1,40.5,51.5,NA,NA,NA,0,0
"LAO",2017,185,23.5,39.1,49.4,NA,NA,NA,0,0
"LAO",2018,NA,22.8,37.8,47.5,NA,NA,NA,0,NA
"LAO",2019,NA,22.2,36.5,45.7,"Drought",0,1,NA,NA
"LBN",2000,28,11.7,17,19.9,NA,NA,NA,56,1
"LBN",2001,27,10.9,16,18.7,NA,NA,NA,4,0
"LBN",2002,26,10.2,15.1,17.5,NA,NA,NA,0,1
"LBN",2003,25,9.6,14.1,16.4,NA,NA,NA,1,0
"LBN",2004,24,8.9,13.1,15.2,NA,NA,NA,0,1
"LBN",2005,24,8.2,12.1,14.1,NA,NA,NA,3,1
"LBN",2006,24,7.6,11.2,13,NA,NA,NA,747,0
"LBN",2007,23,7,10.4,12.1,NA,NA,NA,0,1
"LBN",2008,23,6.6,9.8,11.4,NA,NA,NA,38,0
"LBN",2009,23,6.2,9.2,10.7,NA,NA,NA,0,0
"LBN",2010,23,5.9,8.7,10.2,NA,NA,NA,0,1
"LBN",2011,25,5.6,8.3,9.7,NA,NA,NA,4,1
"LBN",2012,25,5.4,8,9.3,NA,NA,NA,53,1
"LBN",2013,27,5.2,7.7,9,NA,NA,NA,179,1
"LBN",2014,28,5,7.4,8.6,NA,NA,NA,228,1
"LBN",2015,29,4.8,7.1,8.3,NA,NA,NA,200,1
"LBN",2016,29,4.6,6.8,8,NA,NA,NA,56,1
"LBN",2017,29,4.4,6.6,7.7,NA,NA,NA,297,1
"LBN",2018,NA,4.3,6.4,7.4,NA,NA,NA,2,NA
"LBN",2019,NA,4.1,6.2,7.2,NA,NA,NA,NA,NA
"LBR",2000,894,48.1,127.9,189.7,NA,NA,NA,101,1
"LBR",2001,913,46,119.7,176.6,NA,NA,NA,481,1
"LBR",2002,1010,43.9,111.9,163.7,NA,NA,NA,2259,1
"LBR",2003,878,41.9,104.3,151.3,NA,NA,NA,3281,0
"LBR",2004,837,40,97.2,139.8,NA,NA,NA,0,0
"LBR",2005,816,38.4,90.7,129.6,NA,NA,NA,0,0
"LBR",2006,782,36.9,85.3,121,NA,NA,NA,0,0
"LBR",2007,754,35.6,80.8,114,NA,NA,NA,0,0
"LBR",2008,738,34.5,77.2,108.2,NA,NA,NA,0,0
"LBR",2009,724,33.5,74.2,103.6,NA,NA,NA,0,0
"LBR",2010,708,32.9,71.8,99.8,NA,NA,NA,0,0
"LBR",2011,694,32.5,69.9,96.7,NA,NA,NA,0,0
"LBR",2012,683,32.3,68.3,94.2,NA,NA,NA,0,0
"LBR",2013,674,32.3,66.9,92,NA,NA,NA,0,0
"LBR",2014,688,32.3,66,92.1,NA,NA,NA,0,0
"LBR",2015,691,32.2,64.4,88.3,NA,NA,NA,0,0
"LBR",2016,661,32,63.1,86.1,NA,NA,NA,0,0
"LBR",2017,661,31.8,62,84.3,NA,NA,NA,0,0
"LBR",2018,NA,31.4,60.8,82.5,NA,NA,NA,0,NA
"LBR",2019,NA,31.1,59.5,80.4,NA,NA,NA,NA,NA
"LBY",2000,70,15.1,24.1,28.1,NA,NA,NA,0,0
"LBY",2001,68,14.7,23.4,27.3,NA,NA,NA,0,0
"LBY",2002,66,14.3,22.7,26.5,NA,NA,NA,0,0
"LBY",2003,64,13.8,21.9,25.5,NA,NA,NA,0,0
"LBY",2004,61,13.2,21,24.4,NA,NA,NA,0,0
"LBY",2005,57,12.5,19.8,23.1,NA,NA,NA,0,0
"LBY",2006,55,11.7,18.6,21.7,NA,NA,NA,0,0
"LBY",2007,53,10.9,17.3,20.2,NA,NA,NA,0,1
"LBY",2008,52,10.1,16.1,18.8,NA,NA,NA,6,0
"LBY",2009,53,9.5,15.1,17.6,NA,NA,NA,0,0
"LBY",2010,53,9,14.2,16.6,NA,NA,NA,0,1
"LBY",2011,56,8.6,14.9,19.4,NA,NA,NA,3914,1
"LBY",2012,55,8.1,12.9,15,NA,NA,NA,378,1
"LBY",2013,58,7.7,12.3,14.4,NA,NA,NA,36,1
"LBY",2014,63,7.4,11.8,13.8,NA,NA,NA,1455,1
"LBY",2015,70,7.1,11.4,13.3,NA,NA,NA,1594,1
"LBY",2016,73,6.9,11,12.8,NA,NA,NA,2349,1
"LBY",2017,72,6.6,10.6,12.3,NA,NA,NA,1096,1
"LBY",2018,NA,6.4,10.2,11.9,NA,NA,NA,670,NA
"LBY",2019,NA,6.2,9.9,11.5,NA,NA,NA,NA,NA
"LCA",2000,86,11.4,15.6,18.4,NA,NA,NA,0,0
"LCA",2001,86,11.6,15.6,18.3,NA,NA,NA,0,0
"LCA",2002,90,11.8,15.6,18.2,NA,NA,NA,0,0
"LCA",2003,92,12,15.7,18.3,NA,NA,NA,0,0
"LCA",2004,89,12.2,15.8,18.3,NA,NA,NA,0,0
"LCA",2005,83,12.3,16,18.4,NA,NA,NA,0,0
"LCA",2006,82,12.3,16.1,18.6,NA,NA,NA,0,0
"LCA",2007,87,12.4,16.4,18.8,NA,NA,NA,0,0
"LCA",2008,93,12.5,16.6,19,NA,NA,NA,0,0
"LCA",2009,100,12.6,16.9,19.3,NA,NA,NA,0,0
"LCA",2010,109,12.7,17.3,19.7,"Drought",0,1,0,0
"LCA",2011,116,12.8,17.7,20,NA,NA,NA,0,0
"LCA",2012,116,12.8,18.1,20.4,NA,NA,NA,0,0
"LCA",2013,108,12.7,18.5,20.9,NA,NA,NA,0,0
"LCA",2014,104,12.6,19,21.4,NA,NA,NA,0,0
"LCA",2015,115,12.4,19.5,21.9,NA,NA,NA,0,0
"LCA",2016,117,12.4,20,22.4,NA,NA,NA,0,0
"LCA",2017,117,12.4,20.6,23,NA,NA,NA,0,0
"LCA",2018,NA,12.5,21.1,23.5,NA,NA,NA,0,NA
"LCA",2019,NA,12.7,21.6,24,NA,NA,NA,NA,NA
"LKA",2000,56,9.7,14.2,16.5,NA,NA,NA,2569,1
"LKA",2001,53,9.1,13.7,16,NA,NA,NA,1162,1
"LKA",2002,50,8.5,13.4,15.5,NA,NA,NA,17,1
"LKA",2003,50,7.9,13,15.1,NA,NA,NA,33,1
"LKA",2004,48,7.6,17.7,28.9,NA,NA,NA,84,1
"LKA",2005,45,7,12.2,14.2,NA,NA,NA,130,1
"LKA",2006,47,6.9,11.6,13.5,NA,NA,NA,2173,1
"LKA",2007,43,6.9,11,12.8,NA,NA,NA,2564,1
"LKA",2008,42,6.8,10.5,12.2,NA,NA,NA,8453,1
"LKA",2009,41,6.8,13.9,21.3,NA,NA,NA,10418,0
"LKA",2010,38,6.4,9.8,11.4,NA,NA,NA,0,1
"LKA",2011,38,6.3,9.4,10.9,NA,NA,NA,2,0
"LKA",2012,37,6.1,8.9,10.4,"Drought",0,1,0,1
"LKA",2013,37,5.9,8.4,9.8,NA,NA,NA,5,0
"LKA",2014,36,5.5,7.9,9.3,"Drought",0,1,0,0
"LKA",2015,36,5.1,7.5,8.7,NA,NA,NA,0,0
"LKA",2016,36,4.8,7.1,8.2,"Drought",0,1,0,1
"LKA",2017,36,4.6,6.7,7.8,NA,NA,NA,1,0
"LKA",2018,NA,4.4,6.4,7.5,NA,NA,NA,0,NA
"LKA",2019,NA,4.2,6.2,7.2,"Drought",0,1,NA,NA
"LSO",2000,614,39.6,70,106.9,NA,NA,NA,0,0
"LSO",2001,633,39.9,70.5,108.8,NA,NA,NA,0,0
"LSO",2002,653,40.1,71.2,110.7,NA,NA,NA,0,0
"LSO",2003,671,40.2,72.2,112.7,NA,NA,NA,0,0
"LSO",2004,680,40.3,73,114.5,NA,NA,NA,0,0
"LSO",2005,679,40.5,74,116.1,NA,NA,NA,0,0
"LSO",2006,668,40.8,74.5,116.5,NA,NA,NA,0,0
"LSO",2007,652,41.1,73.8,114.3,NA,NA,NA,0,0
"LSO",2008,623,41.4,77.1,113,NA,NA,NA,0,0
"LSO",2009,607,41.7,73.6,104.2,NA,NA,NA,0,0
"LSO",2010,594,42,70.9,96.4,NA,NA,NA,0,0
"LSO",2011,585,42.4,69,93.9,"Drought",0,1,0,0
"LSO",2012,586,42.8,70.2,92.7,NA,NA,NA,0,0
"LSO",2013,583,43.5,71,92.6,NA,NA,NA,0,0
"LSO",2014,579,44.1,71.9,94.2,NA,NA,NA,0,0
"LSO",2015,574,44.7,72.6,94.6,NA,NA,NA,0,0
"LSO",2016,559,45.1,72.9,91.5,"Drought",0,1,0,0
"LSO",2017,544,45.2,73.1,91,NA,NA,NA,0,0
"LSO",2018,NA,45.1,72.1,90.6,NA,NA,NA,0,NA
"LSO",2019,NA,44.8,71.4,90.9,"Drought",0,1,NA,NA
"LTU",2000,17,4.5,8.6,10.7,NA,NA,NA,0,0
"LTU",2001,16,4.4,8.2,10.3,NA,NA,NA,0,0
"LTU",2002,14,4.4,7.9,9.9,NA,NA,NA,0,0
"LTU",2003,14,4.5,7.6,9.5,NA,NA,NA,0,0
"LTU",2004,13,4.5,7.4,9.3,NA,NA,NA,0,0
"LTU",2005,14,4.4,7.3,9,NA,NA,NA,0,0
"LTU",2006,14,4.1,6.9,8.6,NA,NA,NA,0,0
"LTU",2007,14,3.8,6.5,8,NA,NA,NA,0,0
"LTU",2008,13,3.4,5.9,7.3,NA,NA,NA,0,0
"LTU",2009,11,3.2,5.4,6.7,NA,NA,NA,0,0
"LTU",2010,10,2.9,4.9,6,NA,NA,NA,0,0
"LTU",2011,10,2.8,4.5,5.5,NA,NA,NA,0,0
"LTU",2012,10,2.6,4.2,5.2,NA,NA,NA,0,0
"LTU",2013,10,2.5,4.1,5,NA,NA,NA,0,0
"LTU",2014,9,2.4,4,4.9,NA,NA,NA,0,0
"LTU",2015,9,2.4,4,4.9,NA,NA,NA,0,0
"LTU",2016,8,2.4,3.9,4.8,NA,NA,NA,0,0
"LTU",2017,8,2.3,3.6,4.4,NA,NA,NA,0,0
"LTU",2018,NA,2.2,3.3,4,"Drought",0,1,0,NA
"LTU",2019,NA,2,2.9,3.6,NA,NA,NA,NA,NA
"LUX",2000,10,2.3,3.7,4.5,NA,NA,NA,0,0
"LUX",2001,10,2.2,3.5,4.2,NA,NA,NA,0,0
"LUX",2002,9,2,3.3,4,NA,NA,NA,0,0
"LUX",2003,8,1.9,3.1,3.8,NA,NA,NA,0,0
"LUX",2004,8,1.8,2.9,3.5,NA,NA,NA,0,0
"LUX",2005,9,1.7,2.8,3.4,NA,NA,NA,0,0
"LUX",2006,9,1.7,2.6,3.2,NA,NA,NA,0,0
"LUX",2007,8,1.6,2.5,3.1,NA,NA,NA,0,0
"LUX",2008,6,1.6,2.4,3,NA,NA,NA,0,0
"LUX",2009,7,1.6,2.4,2.9,NA,NA,NA,0,0
"LUX",2010,8,1.5,2.3,2.8,NA,NA,NA,0,0
"LUX",2011,8,1.5,2.3,2.8,NA,NA,NA,0,0
"LUX",2012,7,1.5,2.3,2.8,NA,NA,NA,0,0
"LUX",2013,6,1.6,2.3,2.8,NA,NA,NA,0,0
"LUX",2014,6,1.6,2.3,2.8,NA,NA,NA,0,0
"LUX",2015,5,1.6,2.3,2.8,NA,NA,NA,0,0
"LUX",2016,5,1.6,2.3,2.8,NA,NA,NA,0,0
"LUX",2017,5,1.7,2.3,2.8,NA,NA,NA,0,0
"LUX",2018,NA,1.7,2.3,2.8,NA,NA,NA,0,NA
"LUX",2019,NA,1.7,2.3,2.8,NA,NA,NA,NA,NA
"LVA",2000,34,7.1,11.5,14.2,NA,NA,NA,0,0
"LVA",2001,35,6.6,10.8,13.3,NA,NA,NA,0,0
"LVA",2002,33,6.2,10.2,12.6,NA,NA,NA,0,0
"LVA",2003,34,5.9,9.7,11.9,NA,NA,NA,0,0
"LVA",2004,32,5.6,9.2,11.2,NA,NA,NA,0,0
"LVA",2005,30,5.4,8.6,10.5,NA,NA,NA,0,0
"LVA",2006,32,5.2,8.1,9.8,NA,NA,NA,0,0
"LVA",2007,32,5,7.7,9.3,NA,NA,NA,0,0
"LVA",2008,29,4.8,7.3,8.8,NA,NA,NA,0,0
"LVA",2009,28,4.5,6.9,8.3,NA,NA,NA,0,0
"LVA",2010,26,4.2,6.5,7.8,NA,NA,NA,0,0
"LVA",2011,26,3.9,6.1,7.2,NA,NA,NA,0,0
"LVA",2012,23,3.5,5.6,6.6,NA,NA,NA,0,0
"LVA",2013,27,3.2,5.1,6,NA,NA,NA,0,0
"LVA",2014,24,2.9,4.6,5.5,NA,NA,NA,0,0
"LVA",2015,23,2.7,4.3,5,NA,NA,NA,0,0
"LVA",2016,26,2.6,4,4.7,NA,NA,NA,0,0
"LVA",2017,19,2.4,3.8,4.4,NA,NA,NA,0,0
"LVA",2018,NA,2.4,3.6,4.2,NA,NA,NA,0,NA
"LVA",2019,NA,2.3,3.5,4.1,NA,NA,NA,NA,NA
"MAR",2000,188,28.4,43.9,52.3,NA,NA,NA,0,0
"MAR",2001,174,27.7,42.3,50.1,NA,NA,NA,0,0
"MAR",2002,162,27,40.6,48,NA,NA,NA,0,1
"MAR",2003,152,26.2,39,45.9,NA,NA,NA,34,0
"MAR",2004,142,25.5,37.2,43.7,NA,NA,NA,0,0
"MAR",2005,131,24.6,35.5,41.5,NA,NA,NA,0,0
"MAR",2006,121,23.7,33.6,39.3,NA,NA,NA,0,0
"MAR",2007,113,22.8,31.8,37.1,NA,NA,NA,0,0
"MAR",2008,106,21.7,30.1,35,NA,NA,NA,0,0
"MAR",2009,99,20.5,28.4,33,NA,NA,NA,0,0
"MAR",2010,92,19.3,26.8,31.2,NA,NA,NA,0,0
"MAR",2011,86,18.2,25.3,29.5,NA,NA,NA,0,0
"MAR",2012,81,17.2,23.9,27.8,NA,NA,NA,0,0
"MAR",2013,78,16.2,22.6,26.3,NA,NA,NA,0,0
"MAR",2014,76,15.3,21.3,24.9,NA,NA,NA,0,0
"MAR",2015,74,14.5,20.2,23.5,NA,NA,NA,0,0
"MAR",2016,72,13.8,19.1,22.3,NA,NA,NA,0,0
"MAR",2017,70,13.1,18.2,21.2,NA,NA,NA,0,0
"MAR",2018,NA,12.5,17.4,20.3,NA,NA,NA,0,NA
"MAR",2019,NA,12,16.7,19.5,NA,NA,NA,NA,NA
"MDA",2000,44,20.4,26.2,31.5,NA,NA,NA,0,0
"MDA",2001,39,18.7,23.9,28.6,NA,NA,NA,0,0
"MDA",2002,38,17.1,21.7,25.8,NA,NA,NA,0,0
"MDA",2003,36,15.6,19.8,23.3,NA,NA,NA,0,0
"MDA",2004,32,14.5,18.3,21.5,NA,NA,NA,0,0
"MDA",2005,34,13.8,17.1,20.1,NA,NA,NA,0,0
"MDA",2006,31,13.3,16.3,19,NA,NA,NA,0,0
"MDA",2007,31,13,15.7,18.3,NA,NA,NA,0,0
"MDA",2008,29,12.8,15.3,17.8,NA,NA,NA,0,0
"MDA",2009,28,12.7,15,17.4,NA,NA,NA,0,0
"MDA",2010,29,12.6,14.7,17.1,NA,NA,NA,0,0
"MDA",2011,21,12.4,14.5,16.8,NA,NA,NA,0,0
"MDA",2012,22,12.2,14.2,16.5,"Drought",0,1,0,0
"MDA",2013,21,12,14,16.3,NA,NA,NA,0,0
"MDA",2014,23,11.7,13.7,16,NA,NA,NA,0,0
"MDA",2015,22,11.5,13.6,15.8,NA,NA,NA,0,0
"MDA",2016,20,11.3,13.3,15.5,NA,NA,NA,0,0
"MDA",2017,19,11.2,13.1,15.3,NA,NA,NA,0,0
"MDA",2018,NA,11,12.9,15,NA,NA,NA,0,NA
"MDA",2019,NA,10.8,12.7,14.8,NA,NA,NA,NA,NA
"MDG",2000,559,30.7,67.5,105.4,NA,NA,NA,0,0
"MDG",2001,552,29.9,64.9,100.8,NA,NA,NA,0,1
"MDG",2002,547,29.2,62.5,96.5,NA,NA,NA,79,0
"MDG",2003,543,28.5,60.2,92.4,NA,NA,NA,0,0
"MDG",2004,539,27.9,58,88.5,NA,NA,NA,0,0
"MDG",2005,526,27.3,55.9,84.8,NA,NA,NA,0,0
"MDG",2006,513,26.7,53.9,81.3,NA,NA,NA,0,0
"MDG",2007,503,26,52,77.9,NA,NA,NA,0,0
"MDG",2008,491,25.5,50.3,74.8,NA,NA,NA,0,1
"MDG",2009,474,24.9,48.6,72,NA,NA,NA,113,0
"MDG",2010,453,24.4,47.1,69.3,NA,NA,NA,0,0
"MDG",2011,432,24,45.8,67,NA,NA,NA,0,1
"MDG",2012,413,23.6,44.6,64.8,NA,NA,NA,15,0
"MDG",2013,394,23.1,43.4,62.7,NA,NA,NA,0,0
"MDG",2014,378,22.7,42.3,60.8,"Drought",0,1,0,0
"MDG",2015,363,22.3,41.3,59,NA,NA,NA,0,0
"MDG",2016,348,21.9,40.3,57.2,"Drought",0,1,0,1
"MDG",2017,335,21.5,39.3,55.5,"Drought",0,1,1,0
"MDG",2018,NA,21.1,38.2,53.7,NA,NA,NA,0,NA
"MDG",2019,NA,20.7,37.2,51.9,NA,NA,NA,NA,NA
"MDV",2000,125,22.4,31.7,39,NA,NA,NA,0,0
"MDV",2001,111,20,28.5,34.6,NA,NA,NA,0,0
"MDV",2002,105,17.5,25.5,30.7,NA,NA,NA,0,0
"MDV",2003,97,15.3,22.8,27.1,NA,NA,NA,0,0
"MDV",2004,89,13.6,21.4,26.9,NA,NA,NA,0,0
"MDV",2005,75,12.1,18.3,21.5,NA,NA,NA,0,0
"MDV",2006,71,10.9,16.5,19.3,NA,NA,NA,0,0
"MDV",2007,71,9.9,15.1,17.6,NA,NA,NA,0,0
"MDV",2008,72,9,13.8,16.1,NA,NA,NA,0,0
"MDV",2009,71,8.3,12.8,14.9,NA,NA,NA,0,0
"MDV",2010,67,7.7,11.9,13.9,NA,NA,NA,0,0
"MDV",2011,62,7,11.1,12.9,NA,NA,NA,0,0
"MDV",2012,60,6.5,10.4,12.1,NA,NA,NA,0,0
"MDV",2013,58,6.2,9.7,11.3,NA,NA,NA,0,0
"MDV",2014,56,5.9,9.1,10.5,NA,NA,NA,0,0
"MDV",2015,54,5.7,8.4,9.8,NA,NA,NA,0,0
"MDV",2016,54,5.5,7.7,9,NA,NA,NA,0,0
"MDV",2017,53,5.2,7.1,8.3,NA,NA,NA,0,0
"MDV",2018,NA,4.9,6.5,7.6,NA,NA,NA,0,NA
"MDV",2019,NA,4.5,6,7,NA,NA,NA,NA,NA
"MEX",2000,55,14.4,23.8,28.4,NA,NA,NA,0,0
"MEX",2001,55,13.4,22.8,27.1,NA,NA,NA,0,1
"MEX",2002,56,12.4,21.9,26,NA,NA,NA,26,0
"MEX",2003,55,11.4,21,24.9,NA,NA,NA,0,1
"MEX",2004,54,10.5,20.2,23.9,NA,NA,NA,220,1
"MEX",2005,54,9.9,19.5,22.9,NA,NA,NA,204,1
"MEX",2006,51,9.4,18.8,22.1,NA,NA,NA,669,1
"MEX",2007,49,9.3,18.2,21.3,NA,NA,NA,1943,1
"MEX",2008,49,9.2,17.6,20.6,NA,NA,NA,2188,1
"MEX",2009,51,9.1,17,19.9,NA,NA,NA,3598,1
"MEX",2010,46,9,16.4,19.2,"Earthquake",1,0,3582,1
"MEX",2011,43,8.9,15.9,18.5,"Earthquake",1,0,2893,1
"MEX",2011,43,8.9,15.9,18.5,"Drought",0,1,2893,1
"MEX",2012,41,8.7,15.4,17.9,"Earthquake",1,0,1699,1
"MEX",2013,39,8.5,14.9,17.3,NA,NA,NA,776,1
"MEX",2014,38,8.3,14.4,16.8,"Earthquake",1,0,1646,1
"MEX",2014,38,8.3,14.4,16.8,"Earthquake",1,0,1646,1
"MEX",2015,36,8.3,13.9,16.2,NA,NA,NA,1654,1
"MEX",2016,34,8.4,13.5,15.7,NA,NA,NA,1320,1
"MEX",2017,33,8.6,13,15.2,"Earthquake",1,0,1465,1
"MEX",2017,33,8.6,13,15.2,"Earthquake",1,0,1465,1
"MEX",2018,NA,8.7,12.6,14.6,"Earthquake",1,0,8803,NA
"MEX",2019,NA,8.6,12.2,14.1,NA,NA,NA,NA,NA
"MHL",2000,NA,18.8,33.9,42,NA,NA,NA,0,0
"MHL",2001,NA,18.9,33.9,42.1,NA,NA,NA,0,0
"MHL",2002,NA,18.8,33.8,41.9,NA,NA,NA,0,0
"MHL",2003,NA,18.7,33.6,41.7,NA,NA,NA,0,0
"MHL",2004,NA,18.6,33.4,41.3,NA,NA,NA,0,0
"MHL",2005,NA,18.5,33.2,41,NA,NA,NA,0,0
"MHL",2006,NA,18.3,32.9,40.6,NA,NA,NA,0,0
"MHL",2007,NA,18.2,32.6,40.2,NA,NA,NA,0,0
"MHL",2008,NA,18.1,32.3,39.8,NA,NA,NA,0,0
"MHL",2009,NA,18,32,39.4,NA,NA,NA,0,0
"MHL",2010,NA,17.8,31.7,39,NA,NA,NA,0,0
"MHL",2011,NA,17.6,31.4,38.6,NA,NA,NA,0,0
"MHL",2012,NA,17.4,30.9,37.9,NA,NA,NA,0,0
"MHL",2013,NA,17.2,30.4,37.2,"Drought",0,1,0,0
"MHL",2014,NA,16.9,29.7,36.3,NA,NA,NA,0,0
"MHL",2015,NA,16.5,29.1,35.4,"Drought",0,1,0,0
"MHL",2016,NA,16,28.4,34.4,NA,NA,NA,0,0
"MHL",2017,NA,15.6,27.7,33.5,NA,NA,NA,0,0
"MHL",2018,NA,15.1,26.9,32.5,NA,NA,NA,0,NA
"MHL",2019,NA,14.7,26.3,31.6,NA,NA,NA,NA,NA
"MKD",2000,13,9.6,14.3,16,NA,NA,NA,3,1
"MKD",2001,12,9,13.2,14.8,NA,NA,NA,72,0
"MKD",2002,12,8.9,12.8,14.3,NA,NA,NA,0,0
"MKD",2003,10,9,12.8,14.4,NA,NA,NA,0,0
"MKD",2004,11,9,12.7,14.3,NA,NA,NA,0,0
"MKD",2005,10,8.7,12.2,13.7,NA,NA,NA,0,0
"MKD",2006,10,8.4,11.5,13,NA,NA,NA,0,0
"MKD",2007,10,8.1,10.9,12.3,NA,NA,NA,0,0
"MKD",2008,8,7.8,10.3,11.7,NA,NA,NA,0,0
"MKD",2009,8,7.4,9.7,11,NA,NA,NA,0,0
"MKD",2010,8,7,9.2,10.4,NA,NA,NA,0,0
"MKD",2011,8,6.7,8.8,10,NA,NA,NA,0,0
"MKD",2012,8,6.9,9,10.1,NA,NA,NA,0,0
"MKD",2013,8,7.4,9.4,10.6,NA,NA,NA,0,0
"MKD",2014,8,7.9,9.9,11.2,NA,NA,NA,0,0
"MKD",2015,8,8.1,10,11.4,NA,NA,NA,0,0
"MKD",2016,8,7.8,9.6,10.9,"Earthquake",1,0,0,0
"MKD",2017,7,6.8,8.5,9.6,NA,NA,NA,0,0
"MKD",2018,NA,5.5,7.1,8.1,NA,NA,NA,0,NA
"MKD",2019,NA,4.5,6,6.8,NA,NA,NA,NA,NA
"MLI",2000,836,51,101.5,187.4,NA,NA,NA,0,0
"MLI",2001,797,49.3,98.8,181.1,NA,NA,NA,0,1
"MLI",2002,764,47.6,96.1,174.7,NA,NA,NA,5,0
"MLI",2003,739,46.1,93.3,168.3,NA,NA,NA,0,1
"MLI",2004,715,44.7,90.7,162.2,NA,NA,NA,20,1
"MLI",2005,691,43.6,88.1,156.4,NA,NA,NA,12,0
"MLI",2006,675,42.6,85.7,150.8,NA,NA,NA,0,1
"MLI",2007,663,41.7,83.3,145.4,NA,NA,NA,39,1
"MLI",2008,661,40.8,81.1,140.2,NA,NA,NA,113,1
"MLI",2009,661,39.8,78.8,135.1,NA,NA,NA,127,1
"MLI",2010,660,38.9,76.7,130.3,"Drought",0,1,28,1
"MLI",2011,663,38,74.6,125.6,"Drought",0,1,23,1
"MLI",2012,663,37.1,72.6,121,NA,NA,NA,359,1
"MLI",2013,663,36.4,70.6,116.6,NA,NA,NA,881,1
"MLI",2014,642,35.6,68.7,112.4,NA,NA,NA,291,1
"MLI",2015,620,34.9,66.8,108.3,NA,NA,NA,256,1
"MLI",2016,590,34.2,65.1,104.5,NA,NA,NA,182,1
"MLI",2017,562,33.6,63.4,100.9,NA,NA,NA,605,1
"MLI",2018,NA,32.9,61.8,97.4,NA,NA,NA,1281,NA
"MLI",2019,NA,32.3,60.3,94.2,NA,NA,NA,NA,NA
"MLT",2000,9,5.2,6.9,7.8,NA,NA,NA,0,0
"MLT",2001,10,5,6.6,7.5,NA,NA,NA,0,0
"MLT",2002,9,4.9,6.5,7.3,NA,NA,NA,0,0
"MLT",2003,10,4.8,6.3,7.2,NA,NA,NA,0,0
"MLT",2004,9,4.7,6.2,7.1,NA,NA,NA,0,0
"MLT",2005,8,4.6,6.1,7,NA,NA,NA,0,0
"MLT",2006,8,4.5,6,6.9,NA,NA,NA,0,0
"MLT",2007,8,4.5,6,6.8,NA,NA,NA,0,0
"MLT",2008,8,4.5,5.9,6.8,NA,NA,NA,0,0
"MLT",2009,7,4.5,5.9,6.7,NA,NA,NA,0,0
"MLT",2010,8,4.4,5.8,6.7,NA,NA,NA,0,0
"MLT",2011,7,4.4,5.8,6.6,NA,NA,NA,0,0
"MLT",2012,7,4.4,5.8,6.6,NA,NA,NA,0,0
"MLT",2013,7,4.4,5.8,6.6,NA,NA,NA,0,0
"MLT",2014,6,4.4,5.8,6.6,NA,NA,NA,0,0
"MLT",2015,7,4.4,5.7,6.6,NA,NA,NA,0,0
"MLT",2016,6,4.4,5.7,6.6,NA,NA,NA,0,0
"MLT",2017,6,4.4,5.7,6.6,NA,NA,NA,0,0
"MLT",2018,NA,4.4,5.7,6.5,NA,NA,NA,0,NA
"MLT",2019,NA,4.3,5.7,6.5,NA,NA,NA,NA,NA
"MMR",2000,340,37.6,65.4,89.6,NA,NA,NA,748,1
"MMR",2001,331,36.6,63.8,87.1,NA,NA,NA,385,1
"MMR",2002,323,35.6,62.3,84.7,NA,NA,NA,543,1
"MMR",2003,314,34.5,60.7,82.3,NA,NA,NA,272,1
"MMR",2004,307,33.6,59.1,79.7,NA,NA,NA,177,1
"MMR",2005,299,32.6,57.4,77.2,NA,NA,NA,447,1
"MMR",2006,293,31.7,55.8,74.5,NA,NA,NA,452,1
"MMR",2007,287,30.9,54.1,71.8,NA,NA,NA,700,1
"MMR",2008,289,30.5,63.4,98.4,NA,NA,NA,102,1
"MMR",2009,274,29.2,50.5,66.3,NA,NA,NA,225,1
"MMR",2010,265,28.5,48.8,63.7,NA,NA,NA,185,1
"MMR",2011,259,27.8,47,61,"Earthquake",1,0,810,1
"MMR",2012,254,27.1,45.4,58.6,"Earthquake",1,0,971,1
"MMR",2013,251,26.5,43.8,56.2,NA,NA,NA,358,1
"MMR",2014,247,25.9,42.3,54.1,NA,NA,NA,256,1
"MMR",2015,246,25.2,41,52.2,NA,NA,NA,705,1
"MMR",2016,245,24.6,39.7,50.3,"Earthquake",1,0,183,1
"MMR",2017,250,24,38.5,48.5,NA,NA,NA,2395,1
"MMR",2018,NA,23.4,37.2,46.8,NA,NA,NA,122,NA
"MMR",2019,NA,22.9,36.1,45.2,NA,NA,NA,NA,NA
"MNE",2000,12,8.6,12.5,14.2,NA,NA,NA,0,0
"MNE",2001,12,8.4,12,13.6,NA,NA,NA,0,0
"MNE",2002,11,8.2,11.4,12.9,NA,NA,NA,0,0
"MNE",2003,11,7.9,10.6,12.2,NA,NA,NA,0,0
"MNE",2004,10,7.4,9.9,11.4,NA,NA,NA,0,0
"MNE",2005,9,6.9,9.2,10.5,NA,NA,NA,0,0
"MNE",2006,9,6.4,8.4,9.7,NA,NA,NA,0,0
"MNE",2007,8,5.9,7.7,8.9,NA,NA,NA,0,0
"MNE",2008,8,5.4,7,8.1,NA,NA,NA,0,0
"MNE",2009,8,4.9,6.3,7.4,NA,NA,NA,0,0
"MNE",2010,7,4.4,5.7,6.7,NA,NA,NA,0,0
"MNE",2011,7,3.9,5.1,6.1,NA,NA,NA,0,0
"MNE",2012,7,3.5,4.6,5.5,NA,NA,NA,0,0
"MNE",2013,6,3,4.1,4.9,NA,NA,NA,0,0
"MNE",2014,6,2.6,3.7,4.4,NA,NA,NA,0,0
"MNE",2015,6,2.3,3.3,4,NA,NA,NA,0,0
"MNE",2016,6,1.9,3,3.6,NA,NA,NA,0,0
"MNE",2017,6,1.7,2.6,3.2,NA,NA,NA,0,0
"MNE",2018,NA,1.4,2.4,2.9,NA,NA,NA,0,NA
"MNE",2019,NA,1.3,2.1,2.6,NA,NA,NA,NA,NA
"MNG",2000,155,23.7,48.6,63.5,NA,NA,NA,0,0
"MNG",2001,138,22.4,45.3,58.5,NA,NA,NA,0,0
"MNG",2002,124,21.2,42,53.7,NA,NA,NA,0,0
"MNG",2003,114,19.9,38.9,49.1,NA,NA,NA,0,0
"MNG",2004,106,18.7,35.9,44.9,NA,NA,NA,0,0
"MNG",2005,98,17.6,33.1,40.9,NA,NA,NA,0,0
"MNG",2006,91,16.5,30.5,37.4,NA,NA,NA,0,0
"MNG",2007,85,15,28.1,34.1,NA,NA,NA,0,0
"MNG",2008,80,13.6,25.9,31.2,NA,NA,NA,0,0
"MNG",2009,73,12.4,23.9,28.6,NA,NA,NA,0,0
"MNG",2010,66,11.4,22.1,26.3,NA,NA,NA,0,0
"MNG",2011,59,10.8,20.6,24.4,NA,NA,NA,0,0
"MNG",2012,54,10.3,19.4,22.8,NA,NA,NA,0,0
"MNG",2013,51,10,18.3,21.5,NA,NA,NA,0,0
"MNG",2014,49,9.8,17.4,20.4,NA,NA,NA,0,0
"MNG",2015,47,9.6,16.6,19.4,NA,NA,NA,0,0
"MNG",2016,46,9.3,15.9,18.5,NA,NA,NA,0,0
"MNG",2017,45,9,15.1,17.6,NA,NA,NA,0,0
"MNG",2018,NA,8.7,14.4,16.8,NA,NA,NA,0,NA
"MNG",2019,NA,8.3,13.8,16,NA,NA,NA,NA,NA
"MOZ",2000,798,46.6,112.4,170.4,NA,NA,NA,0,0
"MOZ",2001,745,44.5,106.1,161,NA,NA,NA,0,0
"MOZ",2002,700,42.6,100.3,152.6,NA,NA,NA,0,0
"MOZ",2003,657,40.9,95.3,145,NA,NA,NA,0,1
"MOZ",2004,615,39.4,90.8,138.2,NA,NA,NA,1,1
"MOZ",2005,577,38.2,86.9,132,NA,NA,NA,13,0
"MOZ",2006,539,37.1,83.2,126.2,NA,NA,NA,0,0
"MOZ",2007,505,36.1,78,118.8,NA,NA,NA,0,0
"MOZ",2008,471,35.3,75.6,112.9,NA,NA,NA,0,0
"MOZ",2009,439,34.6,72.7,107.3,NA,NA,NA,0,1
"MOZ",2010,412,34,72.5,104.9,"Drought",0,1,7,0
"MOZ",2011,389,33.4,68.8,100.5,NA,NA,NA,0,1
"MOZ",2012,371,32.8,66.4,96.3,NA,NA,NA,2,1
"MOZ",2013,356,32.3,64.7,92.3,NA,NA,NA,45,1
"MOZ",2014,339,31.8,63,88.4,NA,NA,NA,30,1
"MOZ",2015,318,31.3,61.3,84,NA,NA,NA,3,1
"MOZ",2016,301,30.7,59.4,80.4,"Drought",0,1,68,1
"MOZ",2017,289,30.1,57.5,78,NA,NA,NA,3,1
"MOZ",2018,NA,29.5,56,75.6,NA,NA,NA,173,NA
"MOZ",2019,NA,28.9,54.3,72.9,NA,NA,NA,NA,NA
"MRT",2000,834,42.5,69.1,112.5,NA,NA,NA,0,0
"MRT",2001,835,42.1,68.9,112.1,NA,NA,NA,0,0
"MRT",2002,836,41.8,68.6,111.5,NA,NA,NA,0,0
"MRT",2003,836,41.5,68.3,110.8,NA,NA,NA,0,0
"MRT",2004,830,41.3,67.8,109.7,NA,NA,NA,0,0
"MRT",2005,826,40.9,67,108.1,NA,NA,NA,0,0
"MRT",2006,821,40.4,66.1,106.1,NA,NA,NA,0,1
"MRT",2007,820,39.9,65,103.7,NA,NA,NA,4,1
"MRT",2008,819,39.3,63.8,101.1,NA,NA,NA,12,1
"MRT",2009,822,38.6,62.5,98.4,NA,NA,NA,1,1
"MRT",2010,824,37.9,61.2,95.6,"Drought",0,1,1,1
"MRT",2011,822,37.2,60,93,"Drought",0,1,13,1
"MRT",2012,812,36.5,58.8,90.5,NA,NA,NA,1,0
"MRT",2013,805,35.8,57.5,87.7,NA,NA,NA,0,0
"MRT",2014,796,35.2,56.2,85.1,NA,NA,NA,0,0
"MRT",2015,785,34.6,55,82.7,NA,NA,NA,0,0
"MRT",2016,777,33.8,53.8,80.1,NA,NA,NA,0,0
"MRT",2017,766,33.1,52.6,77.7,"Drought",0,1,0,0
"MRT",2018,NA,32.4,51.5,75.5,"Drought",0,1,0,NA
"MRT",2019,NA,31.8,50.2,73,NA,NA,NA,NA,NA
"MUS",2000,59,12.4,16.6,18.8,NA,NA,NA,0,0
"MUS",2001,54,11.3,15.3,17.5,NA,NA,NA,0,0
"MUS",2002,54,10.6,14.4,16.6,NA,NA,NA,0,0
"MUS",2003,57,10.2,13.8,16,NA,NA,NA,0,0
"MUS",2004,54,10.1,13.5,15.8,NA,NA,NA,0,0
"MUS",2005,53,10.2,13.4,15.6,NA,NA,NA,0,0
"MUS",2006,55,10.2,13.2,15.5,NA,NA,NA,0,0
"MUS",2007,56,10,13,15.2,NA,NA,NA,0,0
"MUS",2008,53,9.7,12.7,14.9,NA,NA,NA,0,0
"MUS",2009,59,9.4,12.5,14.6,NA,NA,NA,0,0
"MUS",2010,66,9.3,12.5,14.5,NA,NA,NA,0,0
"MUS",2011,54,9.3,12.6,14.6,NA,NA,NA,0,0
"MUS",2012,63,9.5,13,14.9,NA,NA,NA,0,0
"MUS",2013,60,9.5,13.1,15,NA,NA,NA,0,0
"MUS",2014,70,9.3,12.9,14.8,NA,NA,NA,0,0
"MUS",2015,73,9.1,12.8,14.5,NA,NA,NA,0,0
"MUS",2016,67,9.1,12.8,14.5,NA,NA,NA,0,0
"MUS",2017,61,9.3,13.2,14.9,NA,NA,NA,0,0
"MUS",2018,NA,9.7,13.7,15.4,NA,NA,NA,0,NA
"MUS",2019,NA,10.1,14.3,16,NA,NA,NA,NA,NA
"MWI",2000,749,39.1,100.5,174.6,NA,NA,NA,0,0
"MWI",2001,735,37,92.9,160.5,NA,NA,NA,0,0
"MWI",2002,714,34.8,84.6,145.5,NA,NA,NA,0,0
"MWI",2003,687,32.7,76.8,131.6,NA,NA,NA,0,0
"MWI",2004,654,31,70.1,119.7,NA,NA,NA,0,0
"MWI",2005,610,29.8,65,110.5,NA,NA,NA,0,0
"MWI",2006,566,29.2,61.6,104.2,NA,NA,NA,0,0
"MWI",2007,526,28.9,59.6,99.9,NA,NA,NA,0,0
"MWI",2008,493,28.8,56.5,94.5,NA,NA,NA,0,0
"MWI",2009,466,28.5,54.5,89.4,"Earthquake",1,0,0,0
"MWI",2009,466,28.5,54.5,89.4,"Earthquake",1,0,0,0
"MWI",2010,444,27.9,52.4,84.2,NA,NA,NA,0,0
"MWI",2011,428,27.1,48.8,77.6,NA,NA,NA,0,0
"MWI",2012,413,26,45.6,70.7,"Drought",0,1,0,0
"MWI",2013,396,24.8,42.2,63.4,NA,NA,NA,0,0
"MWI",2014,381,23.7,39.2,57.6,NA,NA,NA,0,0
"MWI",2015,370,22.7,36.7,53.3,"Drought",0,1,0,0
"MWI",2016,358,21.8,34.6,49.5,NA,NA,NA,0,0
"MWI",2017,349,21,32.8,46.2,NA,NA,NA,0,0
"MWI",2018,NA,20.3,31.4,43.1,NA,NA,NA,0,NA
"MWI",2019,NA,19.7,30.1,40.6,NA,NA,NA,NA,NA
"MYS",2000,38,4.8,8.7,10.2,NA,NA,NA,0,0
"MYS",2001,36,4.5,8.1,9.4,NA,NA,NA,0,0
"MYS",2002,34,4.3,7.6,8.9,NA,NA,NA,0,0
"MYS",2003,33,4.1,7.3,8.5,NA,NA,NA,0,0
"MYS",2004,32,4,7.1,8.3,NA,NA,NA,0,0
"MYS",2005,31,4,7,8.2,NA,NA,NA,0,0
"MYS",2006,30,4,7,8.1,NA,NA,NA,0,0
"MYS",2007,30,4,6.9,8.1,NA,NA,NA,0,0
"MYS",2008,29,4.1,6.9,8.1,NA,NA,NA,0,0
"MYS",2009,29,4.1,6.9,8.1,NA,NA,NA,0,0
"MYS",2010,30,4.2,6.9,8.1,NA,NA,NA,0,0
"MYS",2011,30,4.1,6.8,8,NA,NA,NA,0,0
"MYS",2012,30,4.1,6.8,8,NA,NA,NA,0,1
"MYS",2013,30,4.1,6.8,8,NA,NA,NA,70,0
"MYS",2014,30,4.1,6.8,8,"Drought",0,1,0,0
"MYS",2015,30,4.2,6.9,8.1,"Earthquake",1,0,0,0
"MYS",2016,29,4.3,7,8.1,NA,NA,NA,0,1
"MYS",2017,29,4.4,7.1,8.3,NA,NA,NA,1,0
"MYS",2018,NA,4.5,7.2,8.4,NA,NA,NA,0,NA
"MYS",2019,NA,4.6,7.3,8.6,NA,NA,NA,NA,NA
"NAM",2000,348,23.4,45,75.8,NA,NA,NA,66,0
"NAM",2001,352,22.6,44.2,75.3,NA,NA,NA,0,1
"NAM",2002,356,21.8,43.6,74.7,NA,NA,NA,5,0
"NAM",2003,359,21,43.3,74.4,NA,NA,NA,0,0
"NAM",2004,358,20.5,42.7,74.4,NA,NA,NA,0,0
"NAM",2005,346,20,39.4,70.6,NA,NA,NA,0,0
"NAM",2006,328,19.8,37.3,65.4,NA,NA,NA,0,0
"NAM",2007,306,19.9,37.6,60.8,NA,NA,NA,0,0
"NAM",2008,284,20.2,37.5,55.1,NA,NA,NA,0,0
"NAM",2009,276,20.7,38.5,51.6,NA,NA,NA,0,0
"NAM",2010,266,21,36.8,49.1,NA,NA,NA,0,0
"NAM",2011,256,21.3,36.9,48.9,NA,NA,NA,0,0
"NAM",2012,240,21.6,37.9,50.5,NA,NA,NA,0,0
"NAM",2013,231,21.7,35.8,49.1,"Drought",0,1,0,0
"NAM",2014,223,21.8,34,47.9,NA,NA,NA,0,0
"NAM",2015,217,21.7,33.3,47.6,"Drought",0,1,0,0
"NAM",2016,207,21.5,32.8,46.3,NA,NA,NA,0,0
"NAM",2017,195,21.2,32.2,44.9,NA,NA,NA,0,0
"NAM",2018,NA,20.8,31.7,43.9,"Drought",0,1,0,NA
"NAM",2019,NA,20.5,30.9,41.9,NA,NA,NA,NA,NA
"NER",2000,813,43,97,224.9,NA,NA,NA,0,0
"NER",2001,803,41.6,93.7,215.2,NA,NA,NA,0,0
"NER",2002,795,40.2,90.1,204.5,NA,NA,NA,0,0
"NER",2003,782,38.9,86.2,193.1,NA,NA,NA,0,1
"NER",2004,770,37.7,82.3,181.5,NA,NA,NA,4,0
"NER",2005,755,36.5,78.5,170.2,NA,NA,NA,0,0
"NER",2006,739,35.3,74.8,159.3,NA,NA,NA,0,1
"NER",2007,725,34.1,71.3,149,NA,NA,NA,98,1
"NER",2008,709,32.9,67.9,139.3,NA,NA,NA,56,0
"NER",2009,688,31.8,64.8,130.3,"Drought",0,1,0,0
"NER",2010,663,30.7,61.9,121.9,NA,NA,NA,0,0
"NER",2011,639,29.7,59.3,114.5,"Drought",0,1,0,1
"NER",2012,616,28.8,57,108.2,NA,NA,NA,1,1
"NER",2013,594,28,55,102.7,NA,NA,NA,31,1
"NER",2014,573,27.4,53.4,98,NA,NA,NA,5,1
"NER",2015,555,26.8,51.8,93.8,"Drought",0,1,533,1
"NER",2016,530,26.2,50.4,90.1,NA,NA,NA,299,1
"NER",2017,509,25.7,49.1,86.6,"Drought",0,1,255,1
"NER",2018,NA,25.1,47.9,83.5,NA,NA,NA,181,NA
"NER",2019,NA,24.6,46.7,80.3,NA,NA,NA,NA,NA
"NGA",2000,1200,46.4,109.8,182.9,NA,NA,NA,2104,1
"NGA",2001,1200,45.3,106.8,177.3,NA,NA,NA,2417,1
"NGA",2002,1180,44.1,103.8,171.5,NA,NA,NA,612,1
"NGA",2003,1170,43,100.8,165.9,NA,NA,NA,443,1
"NGA",2004,1130,41.9,97.8,160.3,NA,NA,NA,2118,1
"NGA",2005,1080,40.9,95,155,NA,NA,NA,216,1
"NGA",2006,1040,40.1,92.3,150.1,NA,NA,NA,225,1
"NGA",2007,1010,39.5,89.8,145.6,NA,NA,NA,153,1
"NGA",2008,996,39,87.7,141.7,NA,NA,NA,425,1
"NGA",2009,987,38.5,85.9,138.3,NA,NA,NA,530,1
"NGA",2010,978,38.1,84.3,135.5,NA,NA,NA,980,1
"NGA",2011,972,37.8,83,133.1,NA,NA,NA,1830,1
"NGA",2012,963,37.6,81.9,131.1,NA,NA,NA,2016,1
"NGA",2013,951,37.5,81,129.4,NA,NA,NA,3382,1
"NGA",2014,943,37.3,80.1,127.9,NA,NA,NA,10338,1
"NGA",2015,931,37.2,79.3,126.4,NA,NA,NA,9107,1
"NGA",2016,925,37,78.3,124.7,NA,NA,NA,3902,1
"NGA",2017,917,36.7,77.1,122.5,NA,NA,NA,3572,1
"NGA",2018,NA,36.3,75.7,119.9,NA,NA,NA,3225,NA
"NGA",2019,NA,35.9,74,116.9,NA,NA,NA,NA,NA
"NIC",2000,162,16.8,31.4,38.5,NA,NA,NA,0,0
"NIC",2001,157,16.4,29.9,36.5,NA,NA,NA,0,0
"NIC",2002,151,15.7,28.5,34.6,NA,NA,NA,0,0
"NIC",2003,145,15.2,27.2,32.9,NA,NA,NA,0,0
"NIC",2004,138,14.7,26,31.3,NA,NA,NA,0,0
"NIC",2005,131,14.4,24.9,29.9,NA,NA,NA,0,0
"NIC",2006,124,14.2,23.9,28.5,NA,NA,NA,0,0
"NIC",2007,121,14,22.9,27.3,NA,NA,NA,0,0
"NIC",2008,116,13.8,22,26.1,NA,NA,NA,0,0
"NIC",2009,113,13.6,21.1,24.9,NA,NA,NA,0,0
"NIC",2010,112,13.4,20.3,23.9,NA,NA,NA,0,0
"NIC",2011,110,13.3,19.5,22.9,NA,NA,NA,0,0
"NIC",2012,108,13.1,18.7,22,NA,NA,NA,0,0
"NIC",2013,105,12.8,18,21.1,NA,NA,NA,0,0
"NIC",2014,103,12.4,17.3,20.2,"Earthquake",1,0,0,0
"NIC",2014,103,12.4,17.3,20.2,"Drought",0,1,0,0
"NIC",2015,101,11.9,16.6,19.4,NA,NA,NA,0,0
"NIC",2016,100,11.4,16,18.6,NA,NA,NA,0,0
"NIC",2017,98,10.8,15.4,17.9,NA,NA,NA,0,0
"NIC",2018,NA,10.3,14.8,17.3,"Drought",0,1,0,NA
"NIC",2019,NA,9.8,14.3,16.6,NA,NA,NA,NA,NA
"NLD",2000,13,3.8,5.1,6.2,NA,NA,NA,0,0
"NLD",2001,13,3.8,5,6.1,NA,NA,NA,0,0
"NLD",2002,13,3.7,4.9,5.9,NA,NA,NA,0,0
"NLD",2003,12,3.6,4.8,5.7,NA,NA,NA,0,0
"NLD",2004,11,3.6,4.6,5.5,NA,NA,NA,0,0
"NLD",2005,11,3.4,4.4,5.3,NA,NA,NA,0,0
"NLD",2006,9,3.3,4.3,5.1,NA,NA,NA,0,0
"NLD",2007,9,3.2,4.1,4.9,NA,NA,NA,0,0
"NLD",2008,8,3,4,4.7,NA,NA,NA,0,0
"NLD",2009,8,2.9,3.8,4.6,NA,NA,NA,0,0
"NLD",2010,7,2.8,3.7,4.4,NA,NA,NA,0,0
"NLD",2011,7,2.7,3.6,4.3,NA,NA,NA,0,0
"NLD",2012,7,2.7,3.6,4.2,NA,NA,NA,0,0
"NLD",2013,6,2.7,3.5,4.1,NA,NA,NA,0,0
"NLD",2014,6,2.6,3.5,4.1,NA,NA,NA,0,0
"NLD",2015,6,2.6,3.4,4,NA,NA,NA,0,0
"NLD",2016,6,2.6,3.4,4,NA,NA,NA,0,0
"NLD",2017,5,2.6,3.5,4,NA,NA,NA,0,0
"NLD",2018,NA,2.6,3.5,4.1,NA,NA,NA,0,NA
"NLD",2019,NA,2.7,3.5,4.1,NA,NA,NA,NA,NA
"NOR",2000,6,2.7,3.9,4.9,NA,NA,NA,0,0
"NOR",2001,5,2.6,3.8,4.7,NA,NA,NA,0,0
"NOR",2002,5,2.5,3.7,4.6,NA,NA,NA,0,0
"NOR",2003,5,2.4,3.6,4.4,NA,NA,NA,0,0
"NOR",2004,5,2.3,3.4,4.2,NA,NA,NA,0,0
"NOR",2005,5,2.3,3.3,4.1,NA,NA,NA,0,0
"NOR",2006,4,2.2,3.2,3.9,NA,NA,NA,0,0
"NOR",2007,4,2.1,3,3.7,NA,NA,NA,0,0
"NOR",2008,4,2,2.9,3.6,NA,NA,NA,0,0
"NOR",2009,4,1.9,2.8,3.4,NA,NA,NA,0,0
"NOR",2010,4,1.9,2.7,3.3,NA,NA,NA,0,0
"NOR",2011,4,1.8,2.5,3.1,NA,NA,NA,0,0
"NOR",2012,3,1.8,2.5,3,NA,NA,NA,0,0
"NOR",2013,3,1.7,2.4,2.9,NA,NA,NA,0,0
"NOR",2014,3,1.7,2.3,2.8,NA,NA,NA,0,0
"NOR",2015,3,1.6,2.2,2.7,NA,NA,NA,0,0
"NOR",2016,3,1.6,2.1,2.6,NA,NA,NA,0,0
"NOR",2017,2,1.5,2.1,2.5,NA,NA,NA,0,0
"NOR",2018,NA,1.4,2,2.4,NA,NA,NA,0,NA
"NOR",2019,NA,1.4,1.9,2.3,NA,NA,NA,NA,NA
"NPL",2000,553,39.3,58.7,79.1,NA,NA,NA,365,1
"NPL",2001,521,37.8,55.8,74.6,NA,NA,NA,569,1
"NPL",2002,520,36.3,53.1,70.4,NA,NA,NA,4432,1
"NPL",2003,470,34.9,50.6,66.4,NA,NA,NA,1732,1
"NPL",2004,447,33.5,48.2,62.7,NA,NA,NA,2456,1
"NPL",2005,415,32.2,45.9,59.4,NA,NA,NA,1399,1
"NPL",2006,386,31,43.8,56.3,NA,NA,NA,566,1
"NPL",2007,361,29.8,41.9,53.4,NA,NA,NA,31,0
"NPL",2008,342,28.7,40.1,50.8,NA,NA,NA,0,1
"NPL",2009,323,27.6,38.3,48.3,"Drought",0,1,9,0
"NPL",2010,305,26.5,36.6,45.9,NA,NA,NA,0,0
"NPL",2011,285,25.4,35,43.6,"Earthquake",1,0,0,0
"NPL",2012,266,24.3,33.5,41.5,NA,NA,NA,0,0
"NPL",2013,248,23.3,32,39.4,NA,NA,NA,0,0
"NPL",2014,231,22.4,30.5,37.4,NA,NA,NA,0,0
"NPL",2015,236,21.3,29.2,35.5,"Earthquake",1,0,0,0
"NPL",2015,236,21.3,29.2,35.5,"Earthquake",1,0,0,0
"NPL",2016,200,20.2,27.8,33.7,NA,NA,NA,0,0
"NPL",2017,186,19.2,26.6,32.1,NA,NA,NA,0,0
"NPL",2018,NA,18.3,25.5,30.6,NA,NA,NA,0,NA
"NPL",2019,NA,17.5,24.5,29.3,NA,NA,NA,NA,NA
"NZL",2000,12,3.5,6.1,7.4,NA,NA,NA,0,0
"NZL",2001,11,3.5,5.9,7.2,NA,NA,NA,0,0
"NZL",2002,12,3.5,5.8,7,NA,NA,NA,0,0
"NZL",2003,12,3.4,5.7,6.9,NA,NA,NA,0,0
"NZL",2004,11,3.3,5.6,6.7,NA,NA,NA,0,0
"NZL",2005,11,3.1,5.5,6.6,NA,NA,NA,0,0
"NZL",2006,11,3,5.4,6.5,NA,NA,NA,0,0
"NZL",2007,11,2.9,5.3,6.4,NA,NA,NA,0,0
"NZL",2008,10,3,5.2,6.3,NA,NA,NA,0,0
"NZL",2009,11,3.1,5.2,6.2,NA,NA,NA,0,0
"NZL",2010,11,3.2,5.1,6.1,"Earthquake",1,0,0,0
"NZL",2011,10,3.3,5,6,"Earthquake",1,0,0,0
"NZL",2011,10,3.3,5,6,"Earthquake",1,0,0,0
"NZL",2012,10,3.4,4.9,5.9,NA,NA,NA,0,0
"NZL",2013,9,3.3,4.8,5.8,"Earthquake",1,0,0,0
"NZL",2013,9,3.3,4.8,5.8,"Drought",0,1,0,0
"NZL",2014,10,3.3,4.7,5.7,NA,NA,NA,0,0
"NZL",2015,10,3.2,4.6,5.5,NA,NA,NA,0,0
"NZL",2016,10,3.1,4.4,5.4,"Earthquake",1,0,0,0
"NZL",2017,9,2.9,4.3,5.2,NA,NA,NA,0,0
"NZL",2018,NA,2.8,4.2,5,NA,NA,NA,0,NA
"NZL",2019,NA,2.7,4.1,4.9,NA,NA,NA,NA,NA
"OMN",2000,20,7.3,14.2,16.5,NA,NA,NA,0,0
"OMN",2001,20,6.9,13.3,15.4,NA,NA,NA,0,0
"OMN",2002,20,6.5,12.5,14.5,NA,NA,NA,0,0
"OMN",2003,20,6.2,11.9,13.8,NA,NA,NA,0,0
"OMN",2004,19,5.9,11.4,13.2,NA,NA,NA,0,0
"OMN",2005,19,5.7,11,12.8,NA,NA,NA,0,0
"OMN",2006,18,5.6,10.7,12.5,NA,NA,NA,0,0
"OMN",2007,18,5.4,10.5,12.2,NA,NA,NA,0,0
"OMN",2008,18,5.3,10.3,12,NA,NA,NA,0,0
"OMN",2009,18,5.3,10.2,11.8,NA,NA,NA,0,0
"OMN",2010,18,5.2,10.1,11.7,NA,NA,NA,0,0
"OMN",2011,18,5.2,10,11.6,NA,NA,NA,0,0
"OMN",2012,18,5.1,9.8,11.4,NA,NA,NA,0,0
"OMN",2013,18,5,9.7,11.3,NA,NA,NA,0,0
"OMN",2014,18,5,9.7,11.2,NA,NA,NA,0,0
"OMN",2015,19,5,9.6,11.2,NA,NA,NA,0,0
"OMN",2016,19,5,9.6,11.2,NA,NA,NA,0,0
"OMN",2017,19,5,9.6,11.2,NA,NA,NA,0,0
"OMN",2018,NA,5,9.6,11.1,NA,NA,NA,0,NA
"OMN",2019,NA,4.9,9.5,11.1,NA,NA,NA,NA,NA
"PAK",2000,286,56.8,84.6,107.8,NA,NA,NA,59,1
"PAK",2001,275,55.8,82.6,105,NA,NA,NA,42,1
"PAK",2002,264,54.9,80.9,102.4,NA,NA,NA,170,1
"PAK",2003,254,54,79.3,100.2,NA,NA,NA,242,1
"PAK",2004,243,53.3,77.9,98.1,NA,NA,NA,430,1
"PAK",2005,237,52.6,76.6,96.3,NA,NA,NA,153,1
"PAK",2006,222,52,75.4,94.5,NA,NA,NA,427,1
"PAK",2007,214,51.4,74.1,92.7,NA,NA,NA,1366,1
"PAK",2008,205,50.9,72.8,90.9,NA,NA,NA,4620,1
"PAK",2009,199,50.4,71.5,89.1,NA,NA,NA,7460,1
"PAK",2010,191,49.8,70.1,87.1,NA,NA,NA,7226,1
"PAK",2011,180,49,68.6,85,"Earthquake",1,0,3475,1
"PAK",2012,173,48.1,67,82.8,NA,NA,NA,3541,1
"PAK",2013,166,47.1,65.4,80.6,"Earthquake",1,0,2914,1
"PAK",2013,166,47.1,65.4,80.6,"Earthquake",1,0,2914,1
"PAK",2013,166,47.1,65.4,80.6,"Earthquake",1,0,2914,1
"PAK",2014,161,46.2,63.8,78.3,NA,NA,NA,3620,1
"PAK",2015,154,45.2,62.1,76,"Earthquake",1,0,2450,1
"PAK",2015,154,45.2,62.1,76,"Earthquake",1,0,2450,1
"PAK",2016,143,44.3,60.5,73.8,"Earthquake",1,0,1100,1
"PAK",2017,140,43.3,58.9,71.6,NA,NA,NA,954,1
"PAK",2018,NA,42.3,57.3,69.5,NA,NA,NA,483,NA
"PAK",2019,NA,41.4,55.7,67.3,"Drought",0,1,NA,NA
"PAK",2019,NA,41.4,55.7,67.3,"Earthquake",1,0,NA,NA
"PAN",2000,91,14.7,21.9,26,NA,NA,NA,0,0
"PAN",2001,86,14.3,21.4,25.4,NA,NA,NA,0,0
"PAN",2002,91,14,20.9,24.8,NA,NA,NA,0,0
"PAN",2003,93,13.6,20.5,24.1,NA,NA,NA,0,0
"PAN",2004,88,13.2,20,23.5,NA,NA,NA,0,0
"PAN",2005,88,12.9,19.5,22.9,NA,NA,NA,0,0
"PAN",2006,88,12.5,19,22.3,NA,NA,NA,0,0
"PAN",2007,86,12.2,18.5,21.7,NA,NA,NA,0,0
"PAN",2008,84,11.9,18,21.1,NA,NA,NA,0,0
"PAN",2009,82,11.5,17.5,20.5,NA,NA,NA,0,0
"PAN",2010,79,11.1,17,19.9,NA,NA,NA,0,0
"PAN",2011,76,10.8,16.5,19.3,NA,NA,NA,0,0
"PAN",2012,74,10.4,16,18.7,NA,NA,NA,0,0
"PAN",2013,66,10.1,15.5,18.1,"Drought",0,1,0,0
"PAN",2014,60,9.8,15.1,17.6,NA,NA,NA,0,0
"PAN",2015,58,9.5,14.6,17,"Drought",0,1,0,0
"PAN",2016,55,9.2,14.1,16.4,NA,NA,NA,0,0
"PAN",2017,52,8.9,13.7,15.9,NA,NA,NA,0,0
"PAN",2018,NA,8.6,13.2,15.4,"Drought",0,1,0,NA
"PAN",2019,NA,8.3,12.8,14.8,NA,NA,NA,NA,NA
"PER",2000,144,16.1,29.3,38.2,NA,NA,NA,5,1
"PER",2001,138,15.2,27.2,35.3,NA,NA,NA,21,1
"PER",2002,132,14.3,25.2,32.7,NA,NA,NA,13,1
"PER",2003,127,13.5,23.5,30.4,NA,NA,NA,13,1
"PER",2004,122,12.8,22,28.3,NA,NA,NA,3,0
"PER",2005,118,12.2,20.6,26.5,NA,NA,NA,0,1
"PER",2006,114,11.7,19.3,24.9,NA,NA,NA,11,1
"PER",2007,112,11.1,18.2,23.4,NA,NA,NA,32,1
"PER",2008,108,10.6,17.1,22,NA,NA,NA,40,1
"PER",2009,106,10.1,16.2,20.8,NA,NA,NA,54,1
"PER",2010,104,9.7,15.3,19.8,NA,NA,NA,29,1
"PER",2011,102,9.4,14.6,18.8,"Earthquake",1,0,15,0
"PER",2012,100,9,13.9,17.9,"Earthquake",1,0,0,1
"PER",2013,98,8.7,13.3,17.1,"Earthquake",1,0,3,1
"PER",2014,96,8.4,12.7,16.4,"Earthquake",1,0,14,1
"PER",2015,94,8,12.2,15.7,NA,NA,NA,9,1
"PER",2016,91,7.8,11.7,15,"Earthquake",1,0,11,1
"PER",2016,91,7.8,11.7,15,"Earthquake",1,0,11,1
"PER",2017,88,7.5,11.2,14.4,NA,NA,NA,7,0
"PER",2018,NA,7.2,10.7,13.8,"Earthquake",1,0,0,NA
"PER",2019,NA,7,10.3,13.3,"Earthquake",1,0,NA,NA
"PHL",2000,160,16.5,28.7,37.7,NA,NA,NA,1761,1
"PHL",2001,163,16.5,28.2,36.9,NA,NA,NA,792,1
"PHL",2002,160,16.3,27.8,36.2,NA,NA,NA,763,1
"PHL",2003,156,16.2,27.3,35.5,NA,NA,NA,1132,1
"PHL",2004,156,16,26.9,34.9,NA,NA,NA,470,1
"PHL",2005,156,15.8,26.4,34.2,NA,NA,NA,487,1
"PHL",2006,156,15.6,26,33.6,NA,NA,NA,434,1
"PHL",2007,149,15.4,25.7,33,NA,NA,NA,483,1
"PHL",2008,148,15.2,25.3,32.5,NA,NA,NA,566,1
"PHL",2009,149,15,25,32.1,"Earthquake",1,0,1047,1
"PHL",2010,144,14.9,24.8,31.7,NA,NA,NA,372,1
"PHL",2011,141,14.7,24.5,31.3,"Earthquake",1,0,414,1
"PHL",2012,139,14.6,24.2,30.9,"Earthquake",1,0,311,1
"PHL",2012,139,14.6,24.2,30.9,"Earthquake",1,0,311,1
"PHL",2012,139,14.6,24.2,30.9,"Earthquake",1,0,311,1
"PHL",2013,136,14.4,23.9,30.5,"Earthquake",1,0,537,1
"PHL",2014,131,14.3,23.7,30.1,NA,NA,NA,484,1
"PHL",2015,127,14.1,23.4,29.6,"Drought",0,1,628,1
"PHL",2016,124,13.9,23,29.1,"Earthquake",1,0,616,1
"PHL",2017,121,13.6,22.6,28.5,"Earthquake",1,0,1708,1
"PHL",2017,121,13.6,22.6,28.5,"Earthquake",1,0,1708,1
"PHL",2017,121,13.6,22.6,28.5,"Earthquake",1,0,1708,1
"PHL",2018,NA,13.3,22.1,27.9,NA,NA,NA,436,NA
"PHL",2019,NA,12.9,21.5,27.1,"Earthquake",1,0,NA,NA
"PHL",2019,NA,12.9,21.5,27.1,"Drought",0,1,NA,NA
"PHL",2019,NA,12.9,21.5,27.1,"Earthquake",1,0,NA,NA
"PHL",2019,NA,12.9,21.5,27.1,"Earthquake",1,0,NA,NA
"PHL",2019,NA,12.9,21.5,27.1,"Earthquake",1,0,NA,NA
"PHL",2019,NA,12.9,21.5,27.1,"Earthquake",1,0,NA,NA
"PHL",2019,NA,12.9,21.5,27.1,"Earthquake",1,0,NA,NA
"PHL",2019,NA,12.9,21.5,27.1,"Earthquake",1,0,NA,NA
"PNG",2000,249,30.2,53.6,71.1,NA,NA,NA,13,1
"PNG",2001,242,29.6,52.8,69.9,NA,NA,NA,65,1
"PNG",2002,234,29.1,52.1,68.8,NA,NA,NA,7,0
"PNG",2003,225,28.7,51.3,67.5,NA,NA,NA,0,0
"PNG",2004,213,28.2,50.4,66.2,NA,NA,NA,0,0
"PNG",2005,200,27.9,49.6,64.9,NA,NA,NA,0,0
"PNG",2006,187,27.6,48.7,63.5,NA,NA,NA,0,0
"PNG",2007,179,27.3,47.8,62.1,NA,NA,NA,0,0
"PNG",2008,173,27,46.8,60.8,NA,NA,NA,0,0
"PNG",2009,170,26.6,45.9,59.3,NA,NA,NA,0,0
"PNG",2010,168,26.1,44.9,57.9,NA,NA,NA,0,0
"PNG",2011,166,25.6,44,56.5,NA,NA,NA,0,1
"PNG",2012,164,25.1,43,55.2,NA,NA,NA,57,0
"PNG",2013,160,24.7,42.1,53.8,NA,NA,NA,0,0
"PNG",2014,155,24.3,41.2,52.4,NA,NA,NA,0,0
"PNG",2015,151,23.8,40.2,51,"Drought",0,1,0,0
"PNG",2016,148,23.4,39.3,49.7,NA,NA,NA,0,0
"PNG",2017,145,22.9,38.2,48.2,NA,NA,NA,0,0
"PNG",2018,NA,22.5,37.2,46.8,"Earthquake",1,0,0,NA
"PNG",2018,NA,22.5,37.2,46.8,"Earthquake",1,0,0,NA
"PNG",2018,NA,22.5,37.2,46.8,"Earthquake",1,0,0,NA
"PNG",2019,NA,22,36.2,45.3,"Earthquake",1,0,NA,NA
"POL",2000,7,5.8,8.1,9.3,NA,NA,NA,0,0
"POL",2001,6,5.4,7.6,8.8,NA,NA,NA,0,0
"POL",2002,5,5.2,7.3,8.4,NA,NA,NA,0,0
"POL",2003,5,5,7,8.1,NA,NA,NA,0,0
"POL",2004,5,4.8,6.8,7.8,NA,NA,NA,0,0
"POL",2005,4,4.6,6.5,7.6,NA,NA,NA,0,0
"POL",2006,4,4.4,6.3,7.3,NA,NA,NA,0,0
"POL",2007,4,4.2,6.1,7,NA,NA,NA,0,0
"POL",2008,4,4,5.8,6.7,NA,NA,NA,0,0
"POL",2009,3,3.8,5.5,6.3,NA,NA,NA,0,0
"POL",2010,3,3.6,5.1,6,NA,NA,NA,0,0
"POL",2011,3,3.4,4.9,5.7,NA,NA,NA,0,0
"POL",2012,3,3.2,4.7,5.4,NA,NA,NA,0,0
"POL",2013,3,3.1,4.5,5.2,NA,NA,NA,0,0
"POL",2014,2,3,4.3,5,NA,NA,NA,0,0
"POL",2015,2,2.9,4.2,4.9,NA,NA,NA,0,0
"POL",2016,2,2.9,4.1,4.7,NA,NA,NA,0,0
"POL",2017,2,2.8,4,4.6,NA,NA,NA,0,0
"POL",2018,NA,2.8,3.9,4.5,"Drought",0,1,0,NA
"POL",2019,NA,2.7,3.8,4.4,NA,NA,NA,NA,NA
"PRI",2000,26,NA,NA,NA,NA,NA,NA,0,0
"PRI",2001,26,NA,NA,NA,NA,NA,NA,0,0
"PRI",2002,24,NA,NA,NA,NA,NA,NA,0,0
"PRI",2003,23,NA,NA,NA,NA,NA,NA,0,0
"PRI",2004,25,NA,NA,NA,NA,NA,NA,0,0
"PRI",2005,23,NA,NA,NA,NA,NA,NA,0,0
"PRI",2006,23,NA,NA,NA,NA,NA,NA,0,0
"PRI",2007,23,NA,NA,NA,NA,NA,NA,0,0
"PRI",2008,23,NA,NA,NA,NA,NA,NA,0,0
"PRI",2009,23,NA,NA,NA,NA,NA,NA,0,0
"PRI",2010,21,NA,NA,NA,NA,NA,NA,0,0
"PRI",2011,22,NA,NA,NA,NA,NA,NA,0,0
"PRI",2012,19,NA,NA,NA,NA,NA,NA,0,0
"PRI",2013,20,NA,NA,NA,NA,NA,NA,0,0
"PRI",2014,21,NA,NA,NA,NA,NA,NA,0,0
"PRI",2015,20,NA,NA,NA,NA,NA,NA,0,0
"PRI",2016,20,NA,NA,NA,NA,NA,NA,0,0
"PRI",2017,21,NA,NA,NA,NA,NA,NA,0,0
"PRI",2018,NA,NA,NA,NA,NA,NA,NA,0,NA
"PRI",2019,NA,NA,NA,NA,NA,NA,NA,NA,NA
"PRK",2000,139,27.3,44.5,60,NA,NA,NA,0,0
"PRK",2001,128,24.9,39.1,52.1,NA,NA,NA,0,0
"PRK",2002,122,22.5,34.2,44.7,NA,NA,NA,0,0
"PRK",2003,121,20.5,30.4,38.9,NA,NA,NA,0,0
"PRK",2004,120,18.8,27.8,35,NA,NA,NA,0,0
"PRK",2005,120,17.7,26.4,33,NA,NA,NA,0,0
"PRK",2006,120,17.4,26,32.4,NA,NA,NA,0,0
"PRK",2007,119,17.4,25.7,32.2,NA,NA,NA,0,0
"PRK",2008,118,17.1,25.2,31.8,NA,NA,NA,0,0
"PRK",2009,113,16.7,24.4,31,NA,NA,NA,0,0
"PRK",2010,106,15.9,23.1,29.5,NA,NA,NA,0,0
"PRK",2011,100,14.9,21.5,27.7,NA,NA,NA,0,0
"PRK",2012,96,13.9,19.8,25.7,"Drought",0,1,0,0
"PRK",2013,94,12.9,18.3,24,NA,NA,NA,0,0
"PRK",2014,93,12.1,17,22.4,NA,NA,NA,0,0
"PRK",2015,91,11.4,16,21.1,"Drought",0,1,0,0
"PRK",2016,90,10.8,15.1,20,NA,NA,NA,0,0
"PRK",2017,89,10.3,14.4,19,"Drought",0,1,0,0
"PRK",2018,NA,9.8,13.7,18.2,NA,NA,NA,0,NA
"PRK",2019,NA,9.3,13.1,17.3,"Drought",0,1,NA,NA
"PRT",2000,10,3.4,5.5,7.2,NA,NA,NA,0,0
"PRT",2001,10,3.2,5.1,6.6,NA,NA,NA,0,0
"PRT",2002,10,3,4.7,6.1,NA,NA,NA,0,0
"PRT",2003,10,2.8,4.3,5.5,NA,NA,NA,0,0
"PRT",2004,10,2.6,3.9,5,NA,NA,NA,0,0
"PRT",2005,9,2.4,3.6,4.6,NA,NA,NA,0,0
"PRT",2006,9,2.2,3.4,4.4,NA,NA,NA,0,0
"PRT",2007,9,2.1,3.3,4.2,NA,NA,NA,0,0
"PRT",2008,9,2.1,3.2,4,NA,NA,NA,0,0
"PRT",2009,9,2.1,3.1,3.9,NA,NA,NA,0,0
"PRT",2010,9,2.1,3.1,3.8,NA,NA,NA,0,0
"PRT",2011,9,2.1,3,3.7,NA,NA,NA,0,0
"PRT",2012,9,2.1,3,3.7,NA,NA,NA,0,0
"PRT",2013,8,2.1,3,3.7,NA,NA,NA,0,0
"PRT",2014,8,2.1,3,3.6,NA,NA,NA,0,0
"PRT",2015,9,2.1,3,3.6,NA,NA,NA,0,0
"PRT",2016,9,2.1,3,3.6,NA,NA,NA,0,0
"PRT",2017,8,2,3,3.6,NA,NA,NA,0,0
"PRT",2018,NA,2,2.9,3.6,NA,NA,NA,0,NA
"PRT",2019,NA,1.9,2.8,3.4,NA,NA,NA,NA,NA
"PRY",2000,194,18.1,27.9,33.9,NA,NA,NA,0,0
"PRY",2001,191,17.7,27.4,33.1,NA,NA,NA,0,0
"PRY",2002,188,17.3,26.8,32.3,NA,NA,NA,0,0
"PRY",2003,185,16.9,26.2,31.6,NA,NA,NA,0,0
"PRY",2004,180,16.5,25.6,30.8,NA,NA,NA,0,0
"PRY",2005,174,16.1,25,30,NA,NA,NA,0,0
"PRY",2006,168,15.7,24.5,29.3,NA,NA,NA,0,0
"PRY",2007,163,15.2,23.9,28.5,NA,NA,NA,0,0
"PRY",2008,158,14.8,23.2,27.7,NA,NA,NA,0,0
"PRY",2009,153,14.4,22.6,26.9,"Drought",0,1,0,0
"PRY",2010,148,14,22,26.2,NA,NA,NA,0,0
"PRY",2011,145,13.5,21.4,25.4,NA,NA,NA,0,0
"PRY",2012,141,13.1,20.8,24.6,"Drought",0,1,0,0
"PRY",2013,138,12.7,20.2,23.8,"Drought",0,1,0,0
"PRY",2014,135,12.3,19.6,23,NA,NA,NA,0,0
"PRY",2015,132,11.9,19,22.3,NA,NA,NA,0,0
"PRY",2016,130,11.6,18.4,21.6,"Drought",0,1,0,0
"PRY",2017,129,11.2,17.8,20.9,NA,NA,NA,0,0
"PRY",2018,NA,10.8,17.2,20.2,NA,NA,NA,0,NA
"PRY",2019,NA,10.4,16.7,19.5,NA,NA,NA,NA,NA
"QAT",2000,14,6.6,10.7,12.5,NA,NA,NA,0,0
"QAT",2001,14,6.3,10.3,12,NA,NA,NA,0,0
"QAT",2002,13,6.1,10,11.6,NA,NA,NA,0,0
"QAT",2003,13,5.9,9.6,11.2,NA,NA,NA,0,0
"QAT",2004,13,5.8,9.3,10.8,NA,NA,NA,0,0
"QAT",2005,12,5.6,8.9,10.4,NA,NA,NA,0,0
"QAT",2006,11,5.3,8.7,10.1,NA,NA,NA,0,0
"QAT",2007,11,5.1,8.4,9.8,NA,NA,NA,0,0
"QAT",2008,11,4.9,8.2,9.6,NA,NA,NA,0,0
"QAT",2009,10,4.7,8,9.4,NA,NA,NA,0,0
"QAT",2010,10,4.5,7.8,9.1,NA,NA,NA,0,0
"QAT",2011,10,4.4,7.6,8.9,NA,NA,NA,0,0
"QAT",2012,10,4.2,7.4,8.7,NA,NA,NA,0,0
"QAT",2013,10,4.1,7.2,8.4,NA,NA,NA,0,0
"QAT",2014,10,4,7,8.1,NA,NA,NA,0,0
"QAT",2015,9,3.9,6.7,7.8,NA,NA,NA,0,0
"QAT",2016,9,3.9,6.3,7.4,NA,NA,NA,0,0
"QAT",2017,9,3.8,6,7,NA,NA,NA,0,0
"QAT",2018,NA,3.8,5.6,6.6,NA,NA,NA,0,NA
"QAT",2019,NA,3.7,5.3,6.1,NA,NA,NA,NA,NA
"ROU",2000,54,10.5,18.1,21.6,NA,NA,NA,0,0
"ROU",2001,49,9.9,17.3,20.5,NA,NA,NA,0,0
"ROU",2002,47,9.6,17,20.1,NA,NA,NA,0,0
"ROU",2003,43,9.4,17,20,NA,NA,NA,0,0
"ROU",2004,39,9.1,16.5,19.4,NA,NA,NA,0,0
"ROU",2005,35,8.5,15.5,18.1,NA,NA,NA,0,0
"ROU",2006,32,7.7,14.2,16.6,NA,NA,NA,0,0
"ROU",2007,30,6.9,13,15.2,NA,NA,NA,0,0
"ROU",2008,28,6.3,11.9,14,NA,NA,NA,0,0
"ROU",2009,28,5.8,11.1,13.1,NA,NA,NA,0,0
"ROU",2010,27,5.4,10.5,12.4,NA,NA,NA,0,0
"ROU",2011,24,5.2,10,11.8,NA,NA,NA,0,0
"ROU",2012,23,5.1,9.5,11.2,NA,NA,NA,0,0
"ROU",2013,21,5,8.9,10.6,NA,NA,NA,0,0
"ROU",2014,21,4.7,8.3,9.9,NA,NA,NA,0,0
"ROU",2015,21,4.3,7.7,9.2,NA,NA,NA,0,0
"ROU",2016,21,3.9,7,8.5,NA,NA,NA,0,0
"ROU",2017,19,3.6,6.5,7.9,NA,NA,NA,0,0
"ROU",2018,NA,3.4,6.1,7.4,NA,NA,NA,0,NA
"ROU",2019,NA,3.4,5.8,7.1,NA,NA,NA,NA,NA
"RUS",2000,56,9,15.5,19.3,NA,NA,NA,4333,1
"RUS",2001,53,8.6,14.7,18.3,NA,NA,NA,992,1
"RUS",2002,51,8,13.8,17.2,NA,NA,NA,1509,1
"RUS",2003,49,7.3,12.9,16.1,NA,NA,NA,539,1
"RUS",2004,45,6.8,12,14.9,NA,NA,NA,1317,1
"RUS",2005,42,6.4,11.1,13.8,NA,NA,NA,688,1
"RUS",2006,36,6,10.3,12.8,NA,NA,NA,260,1
"RUS",2007,32,5.4,9.6,11.9,NA,NA,NA,182,1
"RUS",2008,30,4.9,9,11.2,NA,NA,NA,410,1
"RUS",2009,27,4.6,8.6,10.7,NA,NA,NA,697,1
"RUS",2010,25,4.6,8.3,10.4,"Drought",0,1,481,1
"RUS",2011,23,4.7,8.1,10.1,NA,NA,NA,396,1
"RUS",2012,22,4.7,7.9,9.8,"Drought",0,1,525,1
"RUS",2013,20,4.6,7.6,9.4,NA,NA,NA,365,1
"RUS",2014,19,4.4,7.2,8.9,NA,NA,NA,176,1
"RUS",2015,18,4,6.6,8.2,NA,NA,NA,86,1
"RUS",2016,18,3.5,6.1,7.5,NA,NA,NA,78,1
"RUS",2017,17,3.2,5.5,6.9,NA,NA,NA,53,1
"RUS",2018,NA,2.9,5.1,6.3,NA,NA,NA,38,NA
"RUS",2019,NA,2.6,4.7,5.8,NA,NA,NA,NA,NA
"RWA",2000,1160,43.2,109.5,185.2,NA,NA,NA,0,1
"RWA",2001,1100,40.2,100,167.4,NA,NA,NA,2044,0
"RWA",2002,961,37.3,90.3,149.6,NA,NA,NA,0,0
"RWA",2003,870,34.6,81.4,133.5,NA,NA,NA,0,1
"RWA",2004,758,32.1,72.8,118.6,NA,NA,NA,16,0
"RWA",2005,643,30,65.5,105.4,NA,NA,NA,0,0
"RWA",2006,541,28.1,59.3,93.9,NA,NA,NA,0,0
"RWA",2007,469,26.5,54.4,84.4,NA,NA,NA,0,0
"RWA",2008,427,25.1,50.2,76.3,NA,NA,NA,0,1
"RWA",2009,424,24,47,69.6,NA,NA,NA,2,0
"RWA",2010,373,23,44,63.8,NA,NA,NA,0,0
"RWA",2011,349,22.1,40.6,58.6,NA,NA,NA,0,1
"RWA",2012,329,21.3,38.8,54.9,NA,NA,NA,13,1
"RWA",2013,308,20.7,37.1,52,NA,NA,NA,4,0
"RWA",2014,291,20.2,35.7,49.7,NA,NA,NA,0,0
"RWA",2015,275,19.7,34.6,47.7,NA,NA,NA,0,1
"RWA",2016,260,19.3,33.7,46,NA,NA,NA,27,1
"RWA",2017,248,19,32.9,44.6,NA,NA,NA,10,1
"RWA",2018,NA,18.6,32,43.4,NA,NA,NA,6,NA
"RWA",2019,NA,18.2,31.1,41.9,NA,NA,NA,NA,NA
"SAU",2000,24,11.5,18.8,22,NA,NA,NA,0,0
"SAU",2001,24,10.8,17.7,20.7,NA,NA,NA,0,0
"SAU",2002,23,10.2,16.7,19.6,NA,NA,NA,0,1
"SAU",2003,23,9.6,15.8,18.5,NA,NA,NA,26,1
"SAU",2004,22,9,15,17.4,NA,NA,NA,91,1
"SAU",2005,22,8.5,14.2,16.5,NA,NA,NA,31,1
"SAU",2006,21,8.1,13.4,15.5,NA,NA,NA,11,1
"SAU",2007,21,7.6,12.6,14.7,NA,NA,NA,2,0
"SAU",2008,20,7.1,11.9,13.8,NA,NA,NA,0,0
"SAU",2009,20,6.7,11.2,13,NA,NA,NA,0,0
"SAU",2010,19,6.3,10.5,12.3,NA,NA,NA,0,0
"SAU",2011,18,5.9,9.9,11.5,NA,NA,NA,0,0
"SAU",2012,18,5.6,9.3,10.8,NA,NA,NA,0,0
"SAU",2013,17,5.2,8.8,10.2,NA,NA,NA,0,0
"SAU",2014,17,4.9,8.3,9.6,NA,NA,NA,0,1
"SAU",2015,17,4.6,7.8,9.1,NA,NA,NA,110,1
"SAU",2016,17,4.3,7.3,8.6,NA,NA,NA,125,1
"SAU",2017,17,4.1,6.9,8.1,NA,NA,NA,45,1
"SAU",2018,NA,3.8,6.6,7.7,NA,NA,NA,11,NA
"SAU",2019,NA,3.6,6.3,7.3,NA,NA,NA,NA,NA
"SDN",2000,667,37.1,66.9,104.3,NA,NA,NA,3537,1
"SDN",2001,645,36.4,65,100.9,NA,NA,NA,3719,1
"SDN",2002,614,35.8,63,97.4,NA,NA,NA,3227,1
"SDN",2003,598,35.2,61.2,94.2,NA,NA,NA,5010,1
"SDN",2004,580,34.5,59.4,91,NA,NA,NA,9714,1
"SDN",2005,529,33.9,57.8,88.1,NA,NA,NA,1505,1
"SDN",2006,508,33.4,56.2,85.3,NA,NA,NA,2187,1
"SDN",2007,479,33,54.7,82.7,NA,NA,NA,1180,1
"SDN",2008,454,32.5,53.3,80.2,NA,NA,NA,1241,1
"SDN",2009,433,32.2,52,77.9,NA,NA,NA,2689,1
"SDN",2010,408,31.8,50.7,75.7,NA,NA,NA,1790,1
"SDN",2011,390,31.4,49.6,73.7,"Drought",0,1,2567,1
"SDN",2012,368,31,48.5,71.7,NA,NA,NA,1525,1
"SDN",2013,349,30.5,47.4,69.8,NA,NA,NA,1959,1
"SDN",2014,333,30,46.3,67.9,NA,NA,NA,1912,1
"SDN",2015,320,29.5,45.2,65.9,"Drought",0,1,2552,1
"SDN",2016,308,29,44.1,63.9,NA,NA,NA,1994,1
"SDN",2017,295,28.5,43,62,NA,NA,NA,548,1
"SDN",2018,NA,27.8,42,60.1,NA,NA,NA,432,NA
"SDN",2019,NA,27.3,41,58.4,NA,NA,NA,NA,NA
"SEN",2000,553,38.2,67.7,129.5,NA,NA,NA,56,1
"SEN",2001,545,37.2,65.2,122.9,NA,NA,NA,47,1
"SEN",2002,537,36,62.3,115.1,NA,NA,NA,45,1
"SEN",2003,532,34.7,59.2,107,NA,NA,NA,39,1
"SEN",2004,526,33.4,56.1,99.1,NA,NA,NA,3,1
"SEN",2005,519,32.1,53.2,91.8,NA,NA,NA,46,1
"SEN",2006,514,30.8,50.6,85.2,NA,NA,NA,126,0
"SEN",2007,504,29.6,48.2,79.4,NA,NA,NA,0,1
"SEN",2008,492,28.6,46.1,74.3,NA,NA,NA,11,1
"SEN",2009,472,27.6,44.1,69.8,NA,NA,NA,19,1
"SEN",2010,447,26.8,42.4,65.7,NA,NA,NA,19,1
"SEN",2011,423,26,40.7,62.1,"Drought",0,1,37,1
"SEN",2012,400,25.3,39.2,58.7,NA,NA,NA,23,1
"SEN",2013,381,24.7,37.6,55.4,NA,NA,NA,8,0
"SEN",2014,364,24.2,36.2,52.3,"Drought",0,1,0,0
"SEN",2015,346,23.7,34.7,49.4,NA,NA,NA,0,0
"SEN",2016,330,23.1,33.3,46.5,NA,NA,NA,0,0
"SEN",2017,315,22.4,32,44,NA,NA,NA,0,1
"SEN",2018,NA,21.8,30.8,41.7,"Drought",0,1,1,NA
"SEN",2019,NA,21.1,29.8,39.7,NA,NA,NA,NA,NA
"SGP",2000,13,1.6,3,3.9,NA,NA,NA,0,0
"SGP",2001,13,1.5,2.8,3.6,NA,NA,NA,0,0
"SGP",2002,14,1.4,2.6,3.4,NA,NA,NA,0,0
"SGP",2003,13,1.3,2.5,3.2,NA,NA,NA,0,0
"SGP",2004,14,1.3,2.4,3,NA,NA,NA,0,0
"SGP",2005,13,1.2,2.3,2.9,NA,NA,NA,0,0
"SGP",2006,13,1.2,2.3,2.9,NA,NA,NA,0,0
"SGP",2007,12,1.2,2.3,2.9,NA,NA,NA,0,0
"SGP",2008,11,1.2,2.3,2.8,NA,NA,NA,0,0
"SGP",2009,10,1.2,2.3,2.8,NA,NA,NA,0,0
"SGP",2010,10,1.1,2.3,2.8,NA,NA,NA,0,0
"SGP",2011,10,1.1,2.2,2.8,NA,NA,NA,0,0
"SGP",2012,10,1.1,2.2,2.8,NA,NA,NA,0,0
"SGP",2013,9,1,2.2,2.8,NA,NA,NA,0,0
"SGP",2014,8,1,2.2,2.7,NA,NA,NA,0,0
"SGP",2015,9,1,2.2,2.7,NA,NA,NA,0,0
"SGP",2016,8,1,2.2,2.7,NA,NA,NA,0,0
"SGP",2017,8,1,2.2,2.6,NA,NA,NA,0,0
"SGP",2018,NA,0.9,2.1,2.5,NA,NA,NA,0,NA
"SGP",2019,NA,0.8,2,2.4,NA,NA,NA,NA,NA
"SLB",2000,245,12.8,25.6,30.7,NA,NA,NA,0,0
"SLB",2001,233,12.7,25.3,30.4,NA,NA,NA,0,0
"SLB",2002,222,12.6,25.1,30.1,NA,NA,NA,0,0
"SLB",2003,210,12.5,24.9,29.8,NA,NA,NA,0,0
"SLB",2004,199,12.3,24.7,29.6,NA,NA,NA,0,0
"SLB",2005,188,12.1,24.4,29.3,NA,NA,NA,0,0
"SLB",2006,177,11.9,24.1,28.9,NA,NA,NA,0,0
"SLB",2007,172,11.7,23.8,28.4,NA,NA,NA,0,0
"SLB",2008,159,11.4,23.3,27.8,NA,NA,NA,0,0
"SLB",2009,152,11.1,22.8,27.1,NA,NA,NA,0,0
"SLB",2010,141,10.8,22.2,26.4,"Earthquake",1,0,0,0
"SLB",2011,134,10.5,21.6,25.6,NA,NA,NA,0,0
"SLB",2012,127,10.1,21,24.9,NA,NA,NA,0,0
"SLB",2013,122,9.8,20.5,24.2,"Earthquake",1,0,0,0
"SLB",2014,120,9.5,19.9,23.4,NA,NA,NA,0,0
"SLB",2015,112,9.2,19.3,22.7,"Drought",0,1,0,0
"SLB",2016,108,8.9,18.8,22,"Earthquake",1,0,0,0
"SLB",2017,104,8.6,18.2,21.4,NA,NA,NA,0,0
"SLB",2018,NA,8.4,17.7,20.7,NA,NA,NA,0,NA
"SLB",2019,NA,8.1,17.1,20,NA,NA,NA,NA,NA
"SLE",2000,2480,48.4,138.1,224.9,NA,NA,NA,856,1
"SLE",2001,2250,47.8,135.6,219.4,NA,NA,NA,73,1
"SLE",2002,2080,47.2,132.9,213.9,NA,NA,NA,1,0
"SLE",2003,1960,46.5,130.2,208.1,NA,NA,NA,0,0
"SLE",2004,1850,45.7,127.2,202,NA,NA,NA,0,0
"SLE",2005,1760,44.9,124.1,195.5,NA,NA,NA,0,0
"SLE",2006,1680,44.1,120.9,188.9,NA,NA,NA,0,0
"SLE",2007,1610,43.1,117.6,182,NA,NA,NA,0,0
"SLE",2008,1530,41.9,114.2,174.9,NA,NA,NA,0,0
"SLE",2009,1450,40.7,110.6,167.7,NA,NA,NA,0,0
"SLE",2010,1360,39.5,107.2,160.6,NA,NA,NA,0,0
"SLE",2011,1270,38.4,103.8,153.8,NA,NA,NA,0,0
"SLE",2012,1210,37.4,100.7,147.3,NA,NA,NA,0,0
"SLE",2013,1180,36.5,97.7,141.2,NA,NA,NA,0,0
"SLE",2014,1190,35.7,95.6,139.2,NA,NA,NA,0,0
"SLE",2015,1180,35,95.1,140.2,NA,NA,NA,0,0
"SLE",2016,1120,34.1,89.7,125.4,NA,NA,NA,0,0
"SLE",2017,1120,33.4,87.3,120.7,NA,NA,NA,0,0
"SLE",2018,NA,32.7,84.8,116.2,NA,NA,NA,0,NA
"SLE",2019,NA,32,82.4,111.9,NA,NA,NA,NA,NA
"SLV",2000,73,15,27.4,33.2,NA,NA,NA,0,0
"SLV",2001,75,14.1,26,31.3,NA,NA,NA,0,0
"SLV",2002,68,13.4,24.7,29.6,NA,NA,NA,0,0
"SLV",2003,66,12.8,23.5,28.1,NA,NA,NA,0,0
"SLV",2004,64,12.1,22.4,26.6,NA,NA,NA,0,0
"SLV",2005,62,11.6,21.2,25.1,NA,NA,NA,0,0
"SLV",2006,60,11.1,20.2,23.8,NA,NA,NA,0,0
"SLV",2007,58,10.6,19.2,22.6,NA,NA,NA,0,0
"SLV",2008,57,10.1,18.3,21.4,NA,NA,NA,0,0
"SLV",2009,57,9.7,17.4,20.4,"Drought",0,1,0,0
"SLV",2010,54,9.3,16.6,19.4,NA,NA,NA,0,0
"SLV",2011,53,8.9,15.8,18.5,NA,NA,NA,0,0
"SLV",2012,52,8.5,15.1,17.6,NA,NA,NA,0,0
"SLV",2013,50,8.2,14.4,16.8,NA,NA,NA,0,0
"SLV",2014,49,7.8,13.8,16.1,"Drought",0,1,0,0
"SLV",2015,48,7.5,13.3,15.5,NA,NA,NA,0,0
"SLV",2016,47,7.2,12.8,14.9,NA,NA,NA,0,0
"SLV",2017,46,7,12.3,14.3,NA,NA,NA,0,0
"SLV",2018,NA,6.7,11.9,13.8,"Drought",0,1,0,NA
"SLV",2018,NA,6.7,11.9,13.8,"Earthquake",1,0,0,NA
"SLV",2019,NA,6.5,11.5,13.3,"Earthquake",1,0,NA,NA
"SOM",2000,1210,44.7,104.4,172.7,NA,NA,NA,185,1
"SOM",2001,1170,44.9,104.4,172.7,NA,NA,NA,483,1
"SOM",2002,1140,45.3,104.4,172.7,NA,NA,NA,638,1
"SOM",2003,1100,45.6,104.4,172.7,NA,NA,NA,405,1
"SOM",2004,1080,45.7,104.4,172.7,NA,NA,NA,670,1
"SOM",2005,1040,45.9,104.4,172.6,NA,NA,NA,340,1
"SOM",2006,1040,45.9,104,172,NA,NA,NA,1204,1
"SOM",2007,1030,45.5,103,170.1,NA,NA,NA,1620,1
"SOM",2008,1010,45,101.1,166.5,NA,NA,NA,1751,1
"SOM",2009,994,44.3,98.7,161.9,NA,NA,NA,2204,1
"SOM",2010,985,43.6,96.2,157.4,"Drought",0,1,2722,1
"SOM",2011,955,42.9,93.8,152.8,"Drought",0,1,2118,1
"SOM",2012,943,42.4,91,147.8,NA,NA,NA,2989,1
"SOM",2013,893,41.6,88.4,143,NA,NA,NA,1045,1
"SOM",2014,878,40.8,85.9,138.4,"Drought",0,1,1247,1
"SOM",2015,855,40,83.6,134.3,"Drought",0,1,1250,1
"SOM",2016,865,39.3,81.4,130.3,NA,NA,NA,2065,1
"SOM",2017,829,38.7,79.1,126.1,NA,NA,NA,2071,1
"SOM",2018,NA,38.1,76.8,122,NA,NA,NA,2500,NA
"SOM",2019,NA,37.4,74.8,118.3,"Drought",0,1,NA,NA
"SRB",2000,13,7.8,10.9,12.6,NA,NA,NA,0,0
"SRB",2001,13,7.5,10.6,12.2,NA,NA,NA,0,0
"SRB",2002,13,7.1,9.9,11.5,NA,NA,NA,0,0
"SRB",2003,13,6.5,9.1,10.5,NA,NA,NA,0,0
"SRB",2004,13,6,8.4,9.7,NA,NA,NA,0,0
"SRB",2005,12,5.6,7.7,8.9,NA,NA,NA,0,0
"SRB",2006,12,5.2,7.3,8.4,NA,NA,NA,0,0
"SRB",2007,12,5.1,7,8.1,NA,NA,NA,0,0
"SRB",2008,12,5,6.9,8,NA,NA,NA,0,0
"SRB",2009,12,4.9,6.7,7.8,NA,NA,NA,0,0
"SRB",2010,12,4.8,6.6,7.6,"Earthquake",1,0,0,0
"SRB",2011,12,4.7,6.4,7.4,NA,NA,NA,0,0
"SRB",2012,12,4.5,6.2,7.1,NA,NA,NA,0,0
"SRB",2013,12,4.4,5.9,6.9,NA,NA,NA,0,0
"SRB",2014,12,4.2,5.7,6.6,NA,NA,NA,0,0
"SRB",2015,13,4,5.4,6.3,NA,NA,NA,0,0
"SRB",2016,12,3.8,5.2,6,NA,NA,NA,0,0
"SRB",2017,12,3.7,5.1,5.9,NA,NA,NA,0,0
"SRB",2018,NA,3.6,5,5.8,NA,NA,NA,0,NA
"SRB",2019,NA,3.6,4.9,5.7,NA,NA,NA,NA,NA
"SSD",2000,1730,56,108.9,181.2,NA,NA,NA,0,0
"SSD",2001,1690,54.9,104.1,172.1,NA,NA,NA,0,0
"SSD",2002,1660,53.5,99.5,163.4,NA,NA,NA,0,0
"SSD",2003,1610,52.3,95,155.1,NA,NA,NA,0,0
"SSD",2004,1550,51,90.7,147.3,NA,NA,NA,0,0
"SSD",2005,1480,49.8,86.6,139.7,NA,NA,NA,0,0
"SSD",2006,1410,48.5,82.8,132.7,NA,NA,NA,0,0
"SSD",2007,1330,47.1,79.1,126.1,NA,NA,NA,0,0
"SSD",2008,1250,45.7,75.7,119.9,NA,NA,NA,0,0
"SSD",2009,1170,44.3,72.4,114,"Drought",0,1,0,0
"SSD",2010,1100,43,69.2,108.4,NA,NA,NA,0,1
"SSD",2011,1070,41.7,66.4,103.5,NA,NA,NA,1194,1
"SSD",2012,1050,40.9,64.5,100,NA,NA,NA,864,1
"SSD",2013,1090,40.4,63.6,98.3,NA,NA,NA,1827,1
"SSD",2014,1140,40.3,63.3,97.9,NA,NA,NA,2491,1
"SSD",2015,1110,40.3,63.3,97.9,NA,NA,NA,1137,1
"SSD",2016,1130,40.4,63.3,97.9,"Drought",0,1,1303,1
"SSD",2017,1150,40.5,63.3,97.9,NA,NA,NA,1271,1
"SSD",2018,NA,40.4,63.3,97.9,NA,NA,NA,1217,NA
"SSD",2019,NA,40.3,63.3,97.9,NA,NA,NA,NA,NA
"STP",2000,179,22.2,54.3,82,NA,NA,NA,0,0
"STP",2001,173,21.8,51.2,76.5,NA,NA,NA,0,0
"STP",2002,169,21.3,48,71,NA,NA,NA,0,0
"STP",2003,167,20.6,45,65.6,NA,NA,NA,0,0
"STP",2004,166,19.8,42.1,60.4,NA,NA,NA,0,0
"STP",2005,163,19.1,39.3,55.5,NA,NA,NA,0,0
"STP",2006,158,18.5,36.6,50.9,NA,NA,NA,0,0
"STP",2007,154,17.9,34.2,46.7,NA,NA,NA,0,0
"STP",2008,150,17.4,31.9,42.9,NA,NA,NA,0,0
"STP",2009,145,16.8,29.7,39.3,NA,NA,NA,0,0
"STP",2010,140,16.1,27.6,36.1,NA,NA,NA,0,0
"STP",2011,137,15.1,25.7,33,NA,NA,NA,0,0
"STP",2012,134,14,23.7,30.2,NA,NA,NA,0,0
"STP",2013,132,13,22,27.7,NA,NA,NA,0,0
"STP",2014,131,12,20.1,25.3,NA,NA,NA,0,0
"STP",2015,130,11.1,18.5,23.1,NA,NA,NA,0,0
"STP",2016,130,10.2,16.9,21.2,NA,NA,NA,0,0
"STP",2017,130,9.4,15.5,19.5,NA,NA,NA,0,0
"STP",2018,NA,8.8,14.4,18.1,NA,NA,NA,0,NA
"STP",2019,NA,8.2,13.5,17,NA,NA,NA,NA,NA
"SUR",2000,221,17.1,27.5,31.2,NA,NA,NA,0,0
"SUR",2001,218,17,26.6,30.1,NA,NA,NA,0,0
"SUR",2002,207,17,25.7,29.1,NA,NA,NA,0,0
"SUR",2003,189,17,24.9,28.2,NA,NA,NA,0,0
"SUR",2004,176,17,24.2,27.3,NA,NA,NA,0,0
"SUR",2005,164,16.8,23.5,26.5,NA,NA,NA,0,0
"SUR",2006,165,16.5,22.9,25.7,NA,NA,NA,0,0
"SUR",2007,167,16.1,22.2,25,NA,NA,NA,0,0
"SUR",2008,169,15.7,21.7,24.4,NA,NA,NA,0,0
"SUR",2009,159,15.2,21.1,23.7,NA,NA,NA,0,0
"SUR",2010,148,14.8,20.6,23.1,NA,NA,NA,0,0
"SUR",2011,139,14.3,20.1,22.5,NA,NA,NA,0,0
"SUR",2012,134,13.9,19.6,22,NA,NA,NA,0,0
"SUR",2013,129,13.4,19.1,21.4,NA,NA,NA,0,0
"SUR",2014,124,13.1,18.6,20.9,NA,NA,NA,0,0
"SUR",2015,122,12.7,18.2,20.3,NA,NA,NA,0,0
"SUR",2016,121,12.4,17.7,19.8,NA,NA,NA,0,0
"SUR",2017,120,12,17.2,19.3,NA,NA,NA,0,0
"SUR",2018,NA,11.6,16.7,18.7,NA,NA,NA,0,NA
"SUR",2019,NA,11.2,16.2,18.1,NA,NA,NA,NA,NA
"SVK",2000,8,5,8.2,9.8,NA,NA,NA,0,0
"SVK",2001,8,4.8,7.9,9.4,NA,NA,NA,0,0
"SVK",2002,7,4.6,7.6,9.1,NA,NA,NA,0,0
"SVK",2003,7,4.3,7.3,8.8,NA,NA,NA,0,0
"SVK",2004,7,4,7.1,8.5,NA,NA,NA,0,0
"SVK",2005,7,3.8,6.8,8.2,NA,NA,NA,0,0
"SVK",2006,6,3.6,6.6,7.9,NA,NA,NA,0,0
"SVK",2007,7,3.5,6.4,7.7,NA,NA,NA,0,0
"SVK",2008,6,3.4,6.1,7.4,NA,NA,NA,0,0
"SVK",2009,6,3.4,5.9,7.2,NA,NA,NA,0,0
"SVK",2010,6,3.3,5.8,7,NA,NA,NA,0,0
"SVK",2011,6,3.3,5.6,6.8,NA,NA,NA,0,0
"SVK",2012,6,3.3,5.5,6.6,NA,NA,NA,0,0
"SVK",2013,6,3.2,5.3,6.5,NA,NA,NA,0,0
"SVK",2014,5,3.1,5.2,6.4,NA,NA,NA,0,0
"SVK",2015,6,3.1,5.1,6.2,NA,NA,NA,0,0
"SVK",2016,6,3,5,6.1,NA,NA,NA,0,0
"SVK",2017,5,3,4.9,6,NA,NA,NA,0,0
"SVK",2018,NA,3,4.9,5.9,NA,NA,NA,0,NA
"SVK",2019,NA,3,4.8,5.8,NA,NA,NA,NA,NA
"SVN",2000,12,3.2,4.6,5.5,NA,NA,NA,0,0
"SVN",2001,10,3.1,4.3,5.2,NA,NA,NA,0,0
"SVN",2002,11,2.9,4.1,4.9,NA,NA,NA,0,0
"SVN",2003,10,2.8,3.9,4.7,NA,NA,NA,0,0
"SVN",2004,11,2.6,3.7,4.4,NA,NA,NA,0,0
"SVN",2005,10,2.4,3.5,4.2,NA,NA,NA,0,0
"SVN",2006,8,2.3,3.3,4,NA,NA,NA,0,0
"SVN",2007,8,2.1,3.1,3.8,NA,NA,NA,0,0
"SVN",2008,8,2,2.9,3.6,NA,NA,NA,0,0
"SVN",2009,8,1.9,2.8,3.4,NA,NA,NA,0,0
"SVN",2010,8,1.8,2.6,3.2,NA,NA,NA,0,0
"SVN",2011,8,1.7,2.5,3.1,NA,NA,NA,0,0
"SVN",2012,7,1.6,2.4,2.9,NA,NA,NA,0,0
"SVN",2013,7,1.5,2.3,2.8,NA,NA,NA,0,0
"SVN",2014,7,1.5,2.2,2.7,NA,NA,NA,0,0
"SVN",2015,7,1.4,2.1,2.6,NA,NA,NA,0,0
"SVN",2016,7,1.4,2,2.5,NA,NA,NA,0,0
"SVN",2017,7,1.3,2,2.4,NA,NA,NA,0,0
"SVN",2018,NA,1.3,1.9,2.3,NA,NA,NA,0,NA
"SVN",2019,NA,1.3,1.8,2.3,NA,NA,NA,NA,NA
"SWE",2000,5,2.3,3.4,4.1,NA,NA,NA,0,0
"SWE",2001,5,2.3,3.4,4.1,NA,NA,NA,0,0
"SWE",2002,5,2.2,3.3,4,NA,NA,NA,0,0
"SWE",2003,5,2.1,3.2,3.9,NA,NA,NA,0,0
"SWE",2004,5,2,3.1,3.7,NA,NA,NA,0,0
"SWE",2005,5,1.9,3,3.6,NA,NA,NA,0,0
"SWE",2006,5,1.8,2.8,3.4,NA,NA,NA,0,0
"SWE",2007,5,1.8,2.7,3.3,NA,NA,NA,0,0
"SWE",2008,5,1.7,2.6,3.2,NA,NA,NA,0,0
"SWE",2009,5,1.7,2.6,3.1,NA,NA,NA,0,0
"SWE",2010,4,1.6,2.5,3.1,NA,NA,NA,0,0
"SWE",2011,5,1.6,2.5,3,NA,NA,NA,0,0
"SWE",2012,5,1.6,2.4,3,NA,NA,NA,0,0
"SWE",2013,5,1.6,2.4,2.9,NA,NA,NA,0,0
"SWE",2014,5,1.6,2.4,2.9,NA,NA,NA,0,0
"SWE",2015,4,1.6,2.3,2.9,NA,NA,NA,0,0
"SWE",2016,4,1.5,2.3,2.8,NA,NA,NA,0,1
"SWE",2017,4,1.5,2.3,2.8,NA,NA,NA,5,0
"SWE",2018,NA,1.5,2.2,2.7,NA,NA,NA,0,NA
"SWE",2019,NA,1.5,2.2,2.7,NA,NA,NA,NA,NA
"SWZ",2000,521,25.3,67.8,112.2,NA,NA,NA,0,0
"SWZ",2001,528,25.2,69,115.8,NA,NA,NA,0,0
"SWZ",2002,534,24.9,69.6,117.7,NA,NA,NA,0,0
"SWZ",2003,538,24.5,69.8,119.2,NA,NA,NA,0,0
"SWZ",2004,539,23.9,69.1,119.7,NA,NA,NA,0,0
"SWZ",2005,532,23.3,68.3,119.4,NA,NA,NA,0,0
"SWZ",2006,518,22.8,58.8,109,NA,NA,NA,0,0
"SWZ",2007,496,22.4,59.3,103.8,NA,NA,NA,0,0
"SWZ",2008,474,22.3,61.1,101.9,NA,NA,NA,0,0
"SWZ",2009,460,22.3,57.9,96,NA,NA,NA,0,0
"SWZ",2010,450,22.4,54.7,85.5,NA,NA,NA,0,0
"SWZ",2011,441,22.5,51.5,73.4,NA,NA,NA,0,0
"SWZ",2012,435,22.6,50.6,66,NA,NA,NA,0,0
"SWZ",2013,432,22.5,49.5,62.5,NA,NA,NA,0,0
"SWZ",2014,434,22.4,50.1,62.4,NA,NA,NA,0,0
"SWZ",2015,435,22.1,45.2,57.2,NA,NA,NA,0,0
"SWZ",2016,436,21.8,42.6,55.6,"Drought",0,1,0,0
"SWZ",2017,437,21.5,43.5,57.9,NA,NA,NA,0,0
"SWZ",2018,NA,21.1,39.4,52.2,NA,NA,NA,0,NA
"SWZ",2019,NA,20.7,37.7,48,"Drought",0,1,NA,NA
"SYC",2000,53,8.7,11.8,13.8,NA,NA,NA,0,0
"SYC",2001,54,8.7,11.8,13.7,NA,NA,NA,0,0
"SYC",2002,54,8.6,11.8,13.7,NA,NA,NA,0,0
"SYC",2003,54,8.6,11.8,13.7,NA,NA,NA,0,0
"SYC",2004,55,8.6,11.8,13.7,NA,NA,NA,0,0
"SYC",2005,55,8.6,11.8,13.7,NA,NA,NA,0,0
"SYC",2006,55,8.6,11.9,13.8,NA,NA,NA,0,0
"SYC",2007,55,8.6,11.9,13.8,NA,NA,NA,0,0
"SYC",2008,55,8.6,12,13.9,NA,NA,NA,0,0
"SYC",2009,55,8.6,12,14,NA,NA,NA,0,0
"SYC",2010,55,8.7,12.1,14.1,NA,NA,NA,0,0
"SYC",2011,55,8.7,12.2,14.2,NA,NA,NA,0,0
"SYC",2012,55,8.8,12.4,14.4,NA,NA,NA,0,0
"SYC",2013,55,8.9,12.5,14.5,NA,NA,NA,0,0
"SYC",2014,55,8.9,12.6,14.7,NA,NA,NA,0,0
"SYC",2015,54,9,12.7,14.8,NA,NA,NA,0,0
"SYC",2016,54,9,12.8,14.8,NA,NA,NA,0,0
"SYC",2017,53,8.9,12.7,14.7,NA,NA,NA,0,0
"SYC",2018,NA,8.8,12.5,14.5,NA,NA,NA,0,NA
"SYC",2019,NA,8.6,12.3,14.3,NA,NA,NA,NA,NA
"SYR",2000,26,12.1,19.6,23,NA,NA,NA,0,0
"SYR",2001,26,11.8,18.9,22.1,NA,NA,NA,0,0
"SYR",2002,26,11.5,18.2,21.4,NA,NA,NA,0,0
"SYR",2003,25,11.2,17.7,20.7,NA,NA,NA,0,1
"SYR",2004,26,11,17.2,20.1,NA,NA,NA,8,0
"SYR",2005,25,10.7,16.8,19.7,NA,NA,NA,0,0
"SYR",2006,26,10.5,16.5,19.3,NA,NA,NA,0,0
"SYR",2007,26,10.4,16.3,19.1,NA,NA,NA,0,1
"SYR",2008,26,10.2,16.2,18.9,NA,NA,NA,1,0
"SYR",2009,26,10.1,16.1,18.8,NA,NA,NA,0,0
"SYR",2010,27,10.1,16.2,18.9,NA,NA,NA,0,1
"SYR",2011,28,10.1,16.7,20.1,NA,NA,NA,4347,1
"SYR",2012,28,10.4,23.4,37,NA,NA,NA,53695,1
"SYR",2013,29,10.6,26.8,45.3,NA,NA,NA,76490,1
"SYR",2014,30,10.8,27.7,47,NA,NA,NA,78644,1
"SYR",2015,30,10.8,25.6,41.6,NA,NA,NA,59582,1
"SYR",2016,30,10.9,25,39.5,NA,NA,NA,53863,1
"SYR",2017,31,10.8,18.8,23.5,NA,NA,NA,38534,1
"SYR",2018,NA,10.8,18.9,23.4,NA,NA,NA,21727,NA
"SYR",2019,NA,10.8,18.4,22.2,NA,NA,NA,NA,NA
"TCD",2000,1420,44.1,99.7,184,NA,NA,NA,1070,1
"TCD",2001,1410,43.2,98.2,180.5,NA,NA,NA,230,1
"TCD",2002,1400,42.2,96.8,177.1,NA,NA,NA,297,1
"TCD",2003,1370,41.4,95.3,173.8,NA,NA,NA,37,1
"TCD",2004,1350,40.6,93.9,170.4,NA,NA,NA,78,1
"TCD",2005,1330,39.9,92.4,166.9,NA,NA,NA,267,1
"TCD",2006,1340,39.4,90.8,163.3,NA,NA,NA,1956,1
"TCD",2007,1300,38.9,89.2,159.6,NA,NA,NA,431,1
"TCD",2008,1310,38.6,87.5,155.7,NA,NA,NA,994,1
"TCD",2009,1270,38.2,85.8,151.7,"Drought",0,1,135,1
"TCD",2010,1240,37.8,84.1,147.7,NA,NA,NA,4,0
"TCD",2011,1210,37.5,82.3,143.7,NA,NA,NA,0,0
"TCD",2012,1190,37.1,80.6,139.8,"Drought",0,1,0,0
"TCD",2013,1170,36.6,78.9,135.9,NA,NA,NA,0,1
"TCD",2014,1170,36.1,77.3,132.3,NA,NA,NA,16,1
"TCD",2015,1160,35.5,75.7,128.7,NA,NA,NA,397,1
"TCD",2016,1140,35,74.1,124.9,NA,NA,NA,26,1
"TCD",2017,1140,34.5,72.4,121.1,"Drought",0,1,91,1
"TCD",2018,NA,33.8,70.7,117.3,NA,NA,NA,168,NA
"TCD",2019,NA,33.3,69,113.5,NA,NA,NA,NA,NA
"TGO",2000,489,36.7,75.7,119.9,NA,NA,NA,0,0
"TGO",2001,489,35.8,73.7,116.4,NA,NA,NA,0,0
"TGO",2002,489,35,71.8,112.9,NA,NA,NA,0,0
"TGO",2003,489,34.3,69.9,109.5,NA,NA,NA,0,0
"TGO",2004,488,33.6,68,106.3,NA,NA,NA,0,1
"TGO",2005,492,32.9,66.3,103.1,NA,NA,NA,436,0
"TGO",2006,482,32.2,64.6,100.1,NA,NA,NA,0,0
"TGO",2007,480,31.5,62.9,97.3,NA,NA,NA,0,0
"TGO",2008,473,30.8,61.4,94.4,NA,NA,NA,0,0
"TGO",2009,458,30.1,59.8,91.7,NA,NA,NA,0,0
"TGO",2010,440,29.5,58.3,89,NA,NA,NA,0,0
"TGO",2011,422,28.9,56.7,86.2,NA,NA,NA,0,0
"TGO",2012,410,28.4,55.2,83.5,NA,NA,NA,0,0
"TGO",2013,404,27.8,53.7,80.9,NA,NA,NA,0,0
"TGO",2014,401,27.4,52.2,78.3,NA,NA,NA,0,0
"TGO",2015,398,26.9,50.8,75.9,NA,NA,NA,0,0
"TGO",2016,395,26.4,49.4,73.4,NA,NA,NA,0,0
"TGO",2017,396,25.9,48.1,71.1,NA,NA,NA,0,0
"TGO",2018,NA,25.4,46.8,68.8,NA,NA,NA,0,NA
"TGO",2019,NA,25,45.5,66.5,NA,NA,NA,NA,NA
"THA",2000,43,12.4,18.7,22,NA,NA,NA,8,1
"THA",2001,43,11.8,17.8,20.9,NA,NA,NA,25,1
"THA",2002,44,11.2,17,19.9,NA,NA,NA,23,1
"THA",2003,44,10.7,16.2,18.9,NA,NA,NA,26,1
"THA",2004,46,10.2,15.5,18,NA,NA,NA,310,1
"THA",2005,43,9.7,14.8,17.2,NA,NA,NA,494,1
"THA",2006,42,9.2,14.1,16.4,NA,NA,NA,541,1
"THA",2007,42,8.8,13.4,15.6,NA,NA,NA,518,1
"THA",2008,43,8.4,12.8,14.9,NA,NA,NA,328,1
"THA",2009,43,8,12.2,14.2,NA,NA,NA,258,1
"THA",2010,42,7.7,11.7,13.6,"Drought",0,1,218,1
"THA",2011,41,7.3,11.2,13,"Earthquake",1,0,277,1
"THA",2011,41,7.3,11.2,13,"Drought",0,1,277,1
"THA",2012,39,7,10.6,12.4,"Drought",0,1,244,1
"THA",2013,39,6.7,10.2,11.8,NA,NA,NA,249,1
"THA",2014,38,6.4,9.7,11.3,"Earthquake",1,0,100,1
"THA",2014,38,6.4,9.7,11.3,"Drought",0,1,100,1
"THA",2015,38,6.1,9.3,10.8,"Drought",0,1,84,1
"THA",2016,37,5.9,8.9,10.3,NA,NA,NA,69,1
"THA",2017,37,5.6,8.5,9.9,NA,NA,NA,50,1
"THA",2018,NA,5.4,8.1,9.4,NA,NA,NA,61,NA
"THA",2019,NA,5.1,7.7,9,"Drought",0,1,NA,NA
"TJK",2000,53,28.4,67.6,83.6,NA,NA,NA,46,0
"TJK",2001,52,27.2,62.9,77.2,NA,NA,NA,0,0
"TJK",2002,43,26,58.4,71,NA,NA,NA,0,0
"TJK",2003,35,24.8,54.2,65.2,NA,NA,NA,0,0
"TJK",2004,33,23.8,50.4,60.1,NA,NA,NA,0,1
"TJK",2005,32,23.1,47,55.6,NA,NA,NA,1,1
"TJK",2006,29,22.5,44.1,51.9,NA,NA,NA,8,0
"TJK",2007,27,22,41.7,48.8,NA,NA,NA,0,0
"TJK",2008,26,21.5,39.7,46.3,NA,NA,NA,0,1
"TJK",2009,26,20.8,38.1,44.3,NA,NA,NA,17,1
"TJK",2010,23,20.1,36.9,42.7,"Earthquake",1,0,98,1
"TJK",2011,22,19.2,35.8,41.4,"Earthquake",1,0,28,0
"TJK",2012,21,18.3,35,40.3,"Earthquake",1,0,0,1
"TJK",2013,20,17.5,34.2,39.4,NA,NA,NA,3,1
"TJK",2014,19,16.8,33.4,38.4,NA,NA,NA,3,0
"TJK",2015,18,16.3,32.6,37.5,"Earthquake",1,0,0,0
"TJK",2016,17,15.9,31.8,36.5,"Earthquake",1,0,0,0
"TJK",2017,17,15.4,30.9,35.3,NA,NA,NA,0,1
"TJK",2018,NA,15,30.1,34.3,NA,NA,NA,4,NA
"TJK",2019,NA,14.5,29.2,33.3,NA,NA,NA,NA,NA
"TKM",2000,29,29.6,57.5,69.7,NA,NA,NA,0,0
"TKM",2001,27,29,54.7,66,NA,NA,NA,0,0
"TKM",2002,25,28.3,51.9,62.2,NA,NA,NA,0,0
"TKM",2003,21,27.5,49.2,58.6,NA,NA,NA,0,0
"TKM",2004,20,26.7,46.7,55.2,NA,NA,NA,0,0
"TKM",2005,18,25.8,44.4,52.3,NA,NA,NA,0,0
"TKM",2006,18,25,42.3,49.6,NA,NA,NA,0,0
"TKM",2007,15,24.2,40.6,47.4,NA,NA,NA,0,0
"TKM",2008,13,23.7,39.1,45.5,NA,NA,NA,0,0
"TKM",2009,12,23.3,38,44.1,NA,NA,NA,0,0
"TKM",2010,10,23,37.2,43.1,NA,NA,NA,0,0
"TKM",2011,10,22.9,36.7,42.5,NA,NA,NA,0,0
"TKM",2012,9,22.8,36.3,42,NA,NA,NA,0,0
"TKM",2013,9,22.8,36.3,41.9,NA,NA,NA,0,0
"TKM",2014,8,23,36.3,42,NA,NA,NA,0,0
"TKM",2015,8,23.3,36.4,42.2,NA,NA,NA,0,0
"TKM",2016,8,23.5,36.7,42.5,NA,NA,NA,0,0
"TKM",2017,7,23.8,37,42.9,NA,NA,NA,0,0
"TKM",2018,NA,23.9,37,42.8,NA,NA,NA,0,NA
"TKM",2019,NA,23.8,36.6,42.4,NA,NA,NA,NA,NA
"TLS",2000,745,37.8,84.5,107.7,NA,NA,NA,0,0
"TLS",2001,720,36,80.6,102.1,NA,NA,NA,0,0
"TLS",2002,668,34.2,76.8,96.5,NA,NA,NA,0,0
"TLS",2003,603,32.6,73,91.2,NA,NA,NA,0,0
"TLS",2004,507,31,69.3,86,NA,NA,NA,0,0
"TLS",2005,415,29.5,65.7,80.9,NA,NA,NA,0,0
"TLS",2006,348,28.3,62.1,76.1,NA,NA,NA,0,0
"TLS",2007,300,27.2,58.8,71.6,NA,NA,NA,0,0
"TLS",2008,269,26.2,56,67.7,NA,NA,NA,0,0
"TLS",2009,242,25.4,53.6,64.4,NA,NA,NA,0,0
"TLS",2010,219,24.7,51.4,61.5,NA,NA,NA,0,0
"TLS",2011,198,24.1,49.4,58.8,NA,NA,NA,0,0
"TLS",2012,185,23.5,47.5,56.3,NA,NA,NA,0,0
"TLS",2013,176,22.9,45.9,54.2,NA,NA,NA,0,0
"TLS",2014,168,22.4,44.3,52.1,NA,NA,NA,0,0
"TLS",2015,160,21.9,42.8,50.2,"Earthquake",1,0,0,0
"TLS",2016,152,21.4,41.4,48.4,"Drought",0,1,0,0
"TLS",2017,142,20.9,40.1,46.8,NA,NA,NA,0,0
"TLS",2018,NA,20.4,38.8,45.1,NA,NA,NA,0,NA
"TLS",2019,NA,19.9,37.7,43.7,NA,NA,NA,NA,NA
"TON",2000,77,7.1,14.5,16.9,NA,NA,NA,0,0
"TON",2001,73,7,14.2,16.5,NA,NA,NA,0,0
"TON",2002,71,6.8,13.8,16,NA,NA,NA,0,0
"TON",2003,69,6.6,13.4,15.6,NA,NA,NA,0,0
"TON",2004,67,6.4,13,15.1,NA,NA,NA,0,0
"TON",2005,66,6.2,12.7,14.7,NA,NA,NA,0,0
"TON",2006,64,6,12.3,14.3,NA,NA,NA,0,0
"TON",2007,62,5.8,12,14,NA,NA,NA,0,0
"TON",2008,60,5.7,11.8,13.7,NA,NA,NA,0,0
"TON",2009,61,5.6,11.5,13.4,"Earthquake",1,0,0,0
"TON",2010,57,5.5,11.3,13.2,NA,NA,NA,0,0
"TON",2011,56,5.4,11.1,12.9,NA,NA,NA,0,0
"TON",2012,56,5.4,11,12.8,NA,NA,NA,0,0
"TON",2013,56,5.4,10.9,12.6,NA,NA,NA,0,0
"TON",2014,55,5.4,10.8,12.5,NA,NA,NA,0,0
"TON",2015,54,5.3,10.7,12.4,"Drought",0,1,0,0
"TON",2016,53,5.3,10.6,12.3,NA,NA,NA,0,0
"TON",2017,52,5.3,10.4,12.1,NA,NA,NA,0,0
"TON",2018,NA,5.2,10.3,11.9,NA,NA,NA,0,NA
"TON",2019,NA,5.1,10,11.7,NA,NA,NA,NA,NA
"TTO",2000,81,18,24.7,27.9,NA,NA,NA,0,0
"TTO",2001,78,17.8,24.5,27.7,NA,NA,NA,0,0
"TTO",2002,74,17.6,24.3,27.4,NA,NA,NA,0,0
"TTO",2003,75,17.4,23.9,27,NA,NA,NA,0,0
"TTO",2004,76,17,23.5,26.4,NA,NA,NA,0,0
"TTO",2005,76,16.6,23,25.9,NA,NA,NA,0,0
"TTO",2006,73,16.2,22.4,25.2,NA,NA,NA,0,0
"TTO",2007,65,15.7,21.7,24.4,NA,NA,NA,0,0
"TTO",2008,72,15.3,21.2,23.8,NA,NA,NA,0,0
"TTO",2009,74,14.9,20.7,23.2,NA,NA,NA,0,0
"TTO",2010,71,14.4,20.1,22.5,"Drought",0,1,0,0
"TTO",2011,72,14,19.5,21.8,NA,NA,NA,0,0
"TTO",2012,71,13.6,18.9,21.2,NA,NA,NA,0,0
"TTO",2013,70,13.2,18.4,20.6,NA,NA,NA,0,0
"TTO",2014,69,12.8,17.8,19.9,NA,NA,NA,0,0
"TTO",2015,68,12.4,17.3,19.3,NA,NA,NA,0,0
"TTO",2016,68,12,16.8,18.8,NA,NA,NA,0,0
"TTO",2017,67,11.7,16.3,18.3,NA,NA,NA,0,0
"TTO",2018,NA,11.3,15.8,17.7,NA,NA,NA,0,NA
"TTO",2019,NA,11,15.4,17.2,NA,NA,NA,NA,NA
"TUN",2000,66,18.3,25,29.9,NA,NA,NA,0,0
"TUN",2001,63,17.2,23.4,27.9,NA,NA,NA,0,1
"TUN",2002,60,16.3,22,26.1,NA,NA,NA,21,0
"TUN",2003,57,15.5,20.8,24.6,NA,NA,NA,0,0
"TUN",2004,54,14.7,19.7,23.2,NA,NA,NA,0,0
"TUN",2005,51,14.1,18.8,22,NA,NA,NA,0,0
"TUN",2006,49,13.6,17.9,21,NA,NA,NA,0,0
"TUN",2007,47,13.2,17.2,20.2,NA,NA,NA,0,0
"TUN",2008,47,12.8,16.6,19.4,NA,NA,NA,0,0
"TUN",2009,46,12.5,16.2,18.9,NA,NA,NA,0,0
"TUN",2010,46,12.3,15.8,18.4,NA,NA,NA,0,1
"TUN",2011,46,12.2,15.5,18,NA,NA,NA,8,1
"TUN",2012,46,12.1,15.2,17.7,NA,NA,NA,3,1
"TUN",2013,46,12.1,15,17.5,NA,NA,NA,29,1
"TUN",2014,46,12,14.9,17.3,NA,NA,NA,51,1
"TUN",2015,46,12.1,14.8,17.2,NA,NA,NA,135,1
"TUN",2016,45,12.1,14.7,17.1,NA,NA,NA,88,1
"TUN",2017,43,12.1,14.7,17.1,NA,NA,NA,15,1
"TUN",2018,NA,12.1,14.6,17,NA,NA,NA,25,NA
"TUN",2019,NA,12,14.5,16.9,NA,NA,NA,NA,NA
"TUR",2000,42,18.2,30.9,37.9,NA,NA,NA,153,1
"TUR",2001,41,17.1,29,35.3,NA,NA,NA,120,1
"TUR",2002,39,15.9,27.1,32.7,NA,NA,NA,34,1
"TUR",2003,38,14.9,25.3,30.4,NA,NA,NA,150,1
"TUR",2004,35,14,23.6,28.2,NA,NA,NA,221,1
"TUR",2005,33,13,22,26.2,NA,NA,NA,295,1
"TUR",2006,30,12.1,20.5,24.3,NA,NA,NA,226,1
"TUR",2007,28,11.3,19.2,22.5,NA,NA,NA,502,1
"TUR",2008,27,10.4,17.9,20.9,NA,NA,NA,491,1
"TUR",2009,25,9.7,16.6,19.5,NA,NA,NA,138,1
"TUR",2010,24,9,15.5,18.1,"Earthquake",1,0,231,1
"TUR",2011,23,8.3,14.5,16.9,"Earthquake",1,0,410,1
"TUR",2011,23,8.3,14.5,16.9,"Earthquake",1,0,410,1
"TUR",2011,23,8.3,14.5,16.9,"Earthquake",1,0,410,1
"TUR",2012,22,7.7,13.6,15.8,NA,NA,NA,789,1
"TUR",2013,20,7.2,12.7,14.7,NA,NA,NA,23,1
"TUR",2014,19,6.7,11.9,13.8,"Earthquake",1,0,11,1
"TUR",2015,19,6.3,11.1,13,NA,NA,NA,1061,1
"TUR",2016,18,6,10.5,12.1,NA,NA,NA,1558,1
"TUR",2017,17,5.8,9.8,11.4,"Earthquake",1,0,455,1
"TUR",2018,NA,5.5,9.2,10.7,NA,NA,NA,435,NA
"TUR",2019,NA,5.3,8.6,10.1,"Earthquake",1,0,NA,NA
"TZA",2000,854,33.7,78.9,129.7,NA,NA,NA,0,1
"TZA",2001,819,32.5,74.4,121.9,NA,NA,NA,37,0
"TZA",2002,788,31.3,69.9,114,NA,NA,NA,0,0
"TZA",2003,763,30.2,65.6,106.5,NA,NA,NA,0,0
"TZA",2004,741,29.1,61.9,99.9,NA,NA,NA,0,0
"TZA",2005,721,28.1,58.5,93.9,NA,NA,NA,0,0
"TZA",2006,703,27.4,55.8,88.8,NA,NA,NA,0,1
"TZA",2007,685,26.6,52.9,83.8,NA,NA,NA,3,0
"TZA",2008,666,26,51,79.6,NA,NA,NA,0,0
"TZA",2009,656,25.4,48.7,75.4,NA,NA,NA,0,0
"TZA",2010,644,24.9,47.1,71.9,NA,NA,NA,0,0
"TZA",2011,628,24.3,45.5,68.4,"Drought",0,1,0,0
"TZA",2012,615,23.8,44,65.3,NA,NA,NA,0,0
"TZA",2013,593,23.3,43,62.7,NA,NA,NA,0,0
"TZA",2014,574,22.8,41.9,59.9,NA,NA,NA,0,0
"TZA",2015,556,22.3,40.9,58.1,NA,NA,NA,0,0
"TZA",2016,539,21.9,39.7,56,"Earthquake",1,0,0,1
"TZA",2017,524,21.5,38.2,54.1,NA,NA,NA,1,1
"TZA",2018,NA,21,36.8,52.1,NA,NA,NA,1,NA
"TZA",2019,NA,20.6,35.8,50.5,NA,NA,NA,NA,NA
"UGA",2000,578,32.3,87.1,146.1,NA,NA,NA,1238,1
"UGA",2001,550,31.4,83.4,139.3,NA,NA,NA,212,1
"UGA",2002,537,30.5,79.2,131.6,NA,NA,NA,1316,1
"UGA",2003,520,29.5,74.7,123.5,NA,NA,NA,1628,1
"UGA",2004,512,28.7,70,115.1,NA,NA,NA,2004,1
"UGA",2005,491,27.9,65.6,107.1,NA,NA,NA,922,1
"UGA",2006,473,27.3,61.6,99.6,NA,NA,NA,334,1
"UGA",2007,465,26.7,57.9,92.8,NA,NA,NA,156,1
"UGA",2008,455,26.1,54.5,86.8,NA,NA,NA,32,1
"UGA",2009,442,25.5,52.1,81.5,NA,NA,NA,59,1
"UGA",2010,430,25,49.5,76.3,"Drought",0,1,74,0
"UGA",2011,419,24.5,47,71.6,NA,NA,NA,0,0
"UGA",2012,412,24,44.3,66.7,NA,NA,NA,0,0
"UGA",2013,401,23.4,42.4,62.3,NA,NA,NA,0,1
"UGA",2014,394,22.7,40.6,58.8,NA,NA,NA,7,0
"UGA",2015,387,22.1,38.9,55.7,NA,NA,NA,0,1
"UGA",2016,381,21.5,37.3,52.4,"Earthquake",1,0,30,0
"UGA",2017,375,20.8,35.7,49.9,NA,NA,NA,0,1
"UGA",2018,NA,20.3,34.1,47.4,NA,NA,NA,2,NA
"UGA",2019,NA,19.8,33,45.3,NA,NA,NA,NA,NA
"UKR",2000,35,11,15.7,18.3,NA,NA,NA,0,0
"UKR",2001,33,10.5,15,17.4,NA,NA,NA,0,0
"UKR",2002,33,9.9,14.3,16.6,NA,NA,NA,0,0
"UKR",2003,32,9.4,13.6,15.8,NA,NA,NA,0,0
"UKR",2004,33,9,13,15.1,NA,NA,NA,0,0
"UKR",2005,33,8.6,12.5,14.5,NA,NA,NA,0,0
"UKR",2006,31,8.3,12,14,NA,NA,NA,0,0
"UKR",2007,33,8,11.5,13.4,NA,NA,NA,0,0
"UKR",2008,33,7.6,11.1,12.9,NA,NA,NA,0,0
"UKR",2009,27,7.3,10.6,12.3,NA,NA,NA,0,0
"UKR",2010,25,7,10.1,11.7,NA,NA,NA,0,0
"UKR",2011,23,6.6,9.6,11.2,NA,NA,NA,0,0
"UKR",2012,24,6.3,9.2,10.7,"Drought",0,1,0,0
"UKR",2013,23,6,8.8,10.2,NA,NA,NA,0,1
"UKR",2014,24,5.8,8.4,9.8,NA,NA,NA,4528,1
"UKR",2015,21,5.6,8.1,9.5,NA,NA,NA,1726,1
"UKR",2016,20,5.4,7.9,9.2,NA,NA,NA,255,1
"UKR",2017,19,5.3,7.6,8.9,NA,NA,NA,415,1
"UKR",2018,NA,5.1,7.4,8.6,NA,NA,NA,243,NA
"UKR",2019,NA,5,7.2,8.4,NA,NA,NA,NA,NA
"URY",2000,26,8.5,14.8,17,NA,NA,NA,0,0
"URY",2001,25,8.4,14.4,16.5,NA,NA,NA,0,0
"URY",2002,25,8.2,14.1,16.2,NA,NA,NA,0,0
"URY",2003,23,8,13.7,15.7,NA,NA,NA,0,0
"URY",2004,23,7.8,13.2,15.1,NA,NA,NA,0,0
"URY",2005,22,7.3,12.5,14.4,NA,NA,NA,0,0
"URY",2006,20,6.8,11.7,13.5,NA,NA,NA,0,0
"URY",2007,20,6.1,11,12.6,NA,NA,NA,0,0
"URY",2008,19,5.4,10.3,11.8,NA,NA,NA,0,0
"URY",2009,19,5,9.7,11.2,NA,NA,NA,0,0
"URY",2010,17,4.8,9.3,10.7,NA,NA,NA,0,0
"URY",2011,17,4.8,8.9,10.3,NA,NA,NA,0,0
"URY",2012,17,5,8.6,10,NA,NA,NA,0,0
"URY",2013,18,5.1,8.3,9.7,NA,NA,NA,0,0
"URY",2014,17,5.2,8,9.3,NA,NA,NA,0,0
"URY",2015,18,5,7.6,8.9,NA,NA,NA,0,0
"URY",2016,18,4.8,7.2,8.4,NA,NA,NA,0,0
"URY",2017,17,4.4,6.8,7.8,NA,NA,NA,0,0
"URY",2018,NA,4,6.3,7.3,"Drought",0,1,0,NA
"URY",2019,NA,4,5.8,6.7,NA,NA,NA,NA,NA
"USA",2000,12,4.6,7.1,8.4,NA,NA,NA,0,1
"USA",2001,13,4.6,7,8.3,NA,NA,NA,2986,0
"USA",2002,13,4.6,6.9,8.2,NA,NA,NA,0,0
"USA",2003,13,4.6,6.9,8.1,NA,NA,NA,0,0
"USA",2004,13,4.6,6.8,8.1,NA,NA,NA,0,0
"USA",2005,13,4.5,6.7,8,NA,NA,NA,0,0
"USA",2006,14,4.4,6.7,7.9,NA,NA,NA,0,0
"USA",2007,14,4.3,6.6,7.7,NA,NA,NA,0,0
"USA",2008,14,4.3,6.5,7.6,NA,NA,NA,0,0
"USA",2009,15,4.2,6.4,7.5,NA,NA,NA,0,1
"USA",2010,15,4.1,6.2,7.3,"Earthquake",1,0,2,0
"USA",2011,15,4.1,6.1,7.2,"Drought",0,1,0,0
"USA",2012,16,4.1,6,7.1,"Drought",0,1,0,0
"USA",2012,16,4.1,6,7.1,"Drought",0,1,0,0
"USA",2013,16,4,6,7,NA,NA,NA,0,0
"USA",2014,16,4,5.9,6.9,"Earthquake",1,0,0,1
"USA",2014,16,4,5.9,6.9,"Drought",0,1,0,1
"USA",2015,18,3.9,5.8,6.8,"Drought",0,1,14,0
"USA",2016,19,3.8,5.7,6.7,"Earthquake",1,0,0,1
"USA",2017,19,3.8,5.7,6.6,"Drought",0,1,8,0
"USA",2018,NA,3.7,5.6,6.5,"Drought",0,1,0,NA
"USA",2019,NA,3.5,5.5,6.4,"Earthquake",1,0,NA,NA
"UZB",2000,41,27.8,50.8,60.7,NA,NA,NA,297,0
"UZB",2001,41,26.9,48.4,57.4,NA,NA,NA,0,0
"UZB",2002,41,25.8,45.7,53.9,NA,NA,NA,0,0
"UZB",2003,39,24.7,43,50.4,NA,NA,NA,0,1
"UZB",2004,37,23.6,40.1,46.8,NA,NA,NA,37,0
"UZB",2005,38,22.4,37.4,43.4,NA,NA,NA,0,0
"UZB",2006,37,21.2,34.8,40.1,NA,NA,NA,0,0
"UZB",2007,35,20,32.2,37,NA,NA,NA,0,0
"UZB",2008,34,18.4,29.8,34,NA,NA,NA,0,1
"UZB",2009,32,16.9,27.5,31.3,NA,NA,NA,16,0
"UZB",2010,31,15.5,25.4,28.7,NA,NA,NA,0,0
"UZB",2011,32,14.3,23.4,26.4,"Earthquake",1,0,0,0
"UZB",2012,32,13.1,21.7,24.4,NA,NA,NA,0,0
"UZB",2013,31,12.1,20,22.5,NA,NA,NA,0,0
"UZB",2014,30,11.2,18.6,20.8,NA,NA,NA,0,0
"UZB",2015,30,10.4,17.3,19.3,NA,NA,NA,0,0
"UZB",2016,29,9.8,16.1,18,NA,NA,NA,0,0
"UZB",2017,29,9.2,15,16.8,NA,NA,NA,0,0
"UZB",2018,NA,8.6,14.1,15.8,NA,NA,NA,0,NA
"UZB",2019,NA,8.1,13.3,14.8,NA,NA,NA,NA,NA
"VCT",2000,80,13.1,19.2,22.2,NA,NA,NA,0,0
"VCT",2001,75,13.1,19.1,22,NA,NA,NA,0,0
"VCT",2002,72,13.1,19.1,21.9,NA,NA,NA,0,0
"VCT",2003,69,13.1,19,21.7,NA,NA,NA,0,0
"VCT",2004,64,13,19,21.6,NA,NA,NA,0,0
"VCT",2005,59,12.9,18.9,21.5,NA,NA,NA,0,0
"VCT",2006,62,12.9,18.8,21.3,NA,NA,NA,0,0
"VCT",2007,67,12.9,18.7,21.1,NA,NA,NA,0,0
"VCT",2008,70,12.8,18.5,20.8,NA,NA,NA,0,0
"VCT",2009,67,12.7,18.2,20.4,NA,NA,NA,0,0
"VCT",2010,63,12.6,17.8,19.8,"Drought",0,1,0,0
"VCT",2011,64,12.3,17.3,19.2,NA,NA,NA,0,0
"VCT",2012,71,11.9,16.8,18.6,NA,NA,NA,0,0
"VCT",2013,73,11.5,16.2,18,NA,NA,NA,0,0
"VCT",2014,69,11,15.7,17.4,NA,NA,NA,0,0
"VCT",2015,64,10.6,15.2,16.7,NA,NA,NA,0,0
"VCT",2016,67,10.2,14.7,16.2,NA,NA,NA,0,0
"VCT",2017,68,9.8,14.3,15.6,NA,NA,NA,0,0
"VCT",2018,NA,9.4,13.8,15.1,NA,NA,NA,0,NA
"VCT",2019,NA,9.1,13.4,14.6,NA,NA,NA,NA,NA
"VEN",2000,119,11.1,18.4,21.6,NA,NA,NA,27,1
"VEN",2001,123,10.6,17.8,20.9,NA,NA,NA,27,1
"VEN",2002,135,10.1,17.4,20.3,NA,NA,NA,27,1
"VEN",2003,127,9.9,16.9,19.8,NA,NA,NA,25,1
"VEN",2004,119,10.2,16.4,19.1,NA,NA,NA,31,1
"VEN",2005,113,10.6,15.8,18.5,NA,NA,NA,30,1
"VEN",2006,114,10.5,15.4,17.9,NA,NA,NA,22,1
"VEN",2007,114,10.2,15,17.4,NA,NA,NA,16,1
"VEN",2008,116,10.1,14.7,17.2,NA,NA,NA,27,1
"VEN",2009,119,10.2,14.6,17,"Drought",0,1,25,1
"VEN",2010,117,10.5,14.7,17.1,NA,NA,NA,22,1
"VEN",2011,116,10.9,14.7,17.2,NA,NA,NA,10,1
"VEN",2012,116,11.3,14.9,17.3,NA,NA,NA,33,1
"VEN",2013,115,11.5,15.1,17.6,NA,NA,NA,6,1
"VEN",2014,113,11.3,15.4,18,NA,NA,NA,44,1
"VEN",2015,115,14.5,16.4,19.1,NA,NA,NA,32,1
"VEN",2016,121,14.6,21.1,24.2,NA,NA,NA,59,1
"VEN",2017,125,14.7,21.1,24.2,NA,NA,NA,72,1
"VEN",2018,NA,14.6,21.1,24.2,NA,NA,NA,78,NA
"VEN",2019,NA,14.6,21.1,24.2,NA,NA,NA,NA,NA
"VNM",2000,68,15,23.5,29.8,NA,NA,NA,0,0
"VNM",2001,65,14.4,22.6,28.5,NA,NA,NA,0,0
"VNM",2002,62,13.8,21.7,27.4,NA,NA,NA,0,0
"VNM",2003,59,13.3,21,26.4,NA,NA,NA,0,0
"VNM",2004,57,12.9,20.4,25.6,NA,NA,NA,0,0
"VNM",2005,54,12.6,19.9,24.9,NA,NA,NA,0,0
"VNM",2006,51,12.3,19.4,24.4,NA,NA,NA,0,0
"VNM",2007,49,12.1,19.1,23.9,NA,NA,NA,0,0
"VNM",2008,49,12,18.8,23.5,NA,NA,NA,0,0
"VNM",2009,48,11.8,18.5,23.2,NA,NA,NA,0,0
"VNM",2010,47,11.7,18.3,22.9,NA,NA,NA,0,0
"VNM",2011,47,11.6,18.1,22.7,NA,NA,NA,0,0
"VNM",2012,46,11.5,17.9,22.4,NA,NA,NA,0,0
"VNM",2013,46,11.3,17.8,22.2,NA,NA,NA,0,0
"VNM",2014,45,11.2,17.6,22,NA,NA,NA,0,0
"VNM",2015,45,11.1,17.4,21.8,"Drought",0,1,0,0
"VNM",2016,44,10.9,17.3,21.6,NA,NA,NA,0,0
"VNM",2017,43,10.7,17.1,21.4,NA,NA,NA,0,0
"VNM",2018,NA,10.5,17,21.3,NA,NA,NA,0,NA
"VNM",2019,NA,10.2,16.9,21.1,"Drought",0,1,NA,NA
"VUT",2000,140,12,23.9,28.5,NA,NA,NA,0,0
"VUT",2001,135,11.9,23.7,28.3,NA,NA,NA,0,0
"VUT",2002,128,11.8,23.6,28.1,NA,NA,NA,0,0
"VUT",2003,123,11.9,23.5,28.1,NA,NA,NA,0,0
"VUT",2004,119,12,23.6,28.1,NA,NA,NA,0,0
"VUT",2005,113,12.1,23.6,28.2,NA,NA,NA,0,0
"VUT",2006,108,12.2,23.8,28.4,NA,NA,NA,0,0
"VUT",2007,103,12.3,23.9,28.6,NA,NA,NA,0,0
"VUT",2008,99,12.3,24.1,28.8,NA,NA,NA,0,0
"VUT",2009,96,12.4,24.2,29,NA,NA,NA,0,0
"VUT",2010,92,12.4,24.3,29.1,NA,NA,NA,0,0
"VUT",2011,88,12.5,24.5,29.3,NA,NA,NA,0,0
"VUT",2012,85,12.5,24.5,29.3,NA,NA,NA,0,0
"VUT",2013,82,12.4,24.3,29.1,NA,NA,NA,0,0
"VUT",2014,80,12.2,24.1,28.8,NA,NA,NA,0,0
"VUT",2015,76,12,23.6,28.2,NA,NA,NA,0,0
"VUT",2016,74,11.7,23.2,27.6,NA,NA,NA,0,0
"VUT",2017,72,11.5,22.7,26.9,NA,NA,NA,0,0
"VUT",2018,NA,11.1,22.2,26.3,NA,NA,NA,0,NA
"VUT",2019,NA,10.9,21.6,25.6,NA,NA,NA,NA,NA
"WSM",2000,88,8.7,18.1,21.2,NA,NA,NA,0,0
"WSM",2001,85,8.4,17.6,20.6,NA,NA,NA,0,0
"WSM",2002,84,8.2,17.1,20.1,NA,NA,NA,0,0
"WSM",2003,80,8,16.8,19.7,NA,NA,NA,0,0
"WSM",2004,74,7.8,16.6,19.4,NA,NA,NA,0,0
"WSM",2005,72,7.8,16.5,19.3,NA,NA,NA,0,0
"WSM",2006,66,7.7,16.5,19.3,NA,NA,NA,0,0
"WSM",2007,62,7.7,16.5,19.3,NA,NA,NA,0,0
"WSM",2008,60,7.8,16.5,19.3,NA,NA,NA,0,0
"WSM",2009,58,7.9,18.8,25.7,"Earthquake",1,0,0,0
"WSM",2010,58,7.8,16.6,19.3,NA,NA,NA,0,0
"WSM",2011,54,7.8,16.5,19.2,NA,NA,NA,0,0
"WSM",2012,52,7.7,16.4,19.1,NA,NA,NA,0,0
"WSM",2013,48,7.6,16.2,18.9,NA,NA,NA,0,0
"WSM",2014,47,7.5,16.1,18.7,NA,NA,NA,0,0
"WSM",2015,45,7.4,15.9,18.6,"Drought",0,1,0,0
"WSM",2016,44,7.3,15.7,18.4,NA,NA,NA,0,0
"WSM",2017,43,7.2,15.5,18.1,NA,NA,NA,0,0
"WSM",2018,NA,7,15.3,17.8,NA,NA,NA,0,NA
"WSM",2019,NA,6.9,15,17.4,NA,NA,NA,NA,NA
"YEM",2000,301,37,68.8,95,NA,NA,NA,0,0
"YEM",2001,290,36,65.8,90.3,NA,NA,NA,0,0
"YEM",2002,278,35,62.8,85.7,NA,NA,NA,0,1
"YEM",2003,266,34,60,81.2,NA,NA,NA,6,1
"YEM",2004,254,32.9,57.3,76.9,NA,NA,NA,28,0
"YEM",2005,242,32,54.8,73,NA,NA,NA,0,0
"YEM",2006,230,31,52.3,69.1,NA,NA,NA,0,0
"YEM",2007,219,30,50,65.6,NA,NA,NA,0,1
"YEM",2008,208,29.1,48,62.4,NA,NA,NA,21,1
"YEM",2009,200,28.5,46.4,60.1,NA,NA,NA,94,1
"YEM",2010,192,28.1,45.5,58.8,NA,NA,NA,201,1
"YEM",2011,187,28,45.3,58.5,NA,NA,NA,1317,1
"YEM",2012,184,28,45.4,58.8,NA,NA,NA,2345,1
"YEM",2013,175,28.1,45.2,58.4,NA,NA,NA,582,1
"YEM",2014,174,28.1,45.4,58.7,NA,NA,NA,2120,1
"YEM",2015,169,28.2,46.1,60.7,NA,NA,NA,7239,1
"YEM",2016,165,28.2,46,60.3,NA,NA,NA,3948,1
"YEM",2017,164,28.2,45.9,60.2,NA,NA,NA,3493,1
"YEM",2018,NA,28.2,46.5,61.6,NA,NA,NA,4840,NA
"YEM",2019,NA,28.2,46.4,61.5,NA,NA,NA,NA,NA
"ZAF",2000,160,16.9,47.7,71.5,NA,NA,NA,0,0
"ZAF",2001,168,16.4,47.8,73.1,NA,NA,NA,0,1
"ZAF",2002,177,15.9,47.9,74.3,NA,NA,NA,2,0
"ZAF",2003,186,15.4,48.4,75.7,NA,NA,NA,0,0
"ZAF",2004,195,14.8,49.4,77.7,NA,NA,NA,0,0
"ZAF",2005,201,14.4,49.4,78.8,NA,NA,NA,0,0
"ZAF",2006,201,13.9,48.7,79.2,NA,NA,NA,0,0
"ZAF",2007,199,13.4,46.6,75.3,NA,NA,NA,0,0
"ZAF",2008,191,13,43,68.9,NA,NA,NA,0,0
"ZAF",2009,179,12.5,38.4,60.3,NA,NA,NA,0,1
"ZAF",2010,171,12,34.4,52,NA,NA,NA,1,0
"ZAF",2011,161,11.6,32.1,45.6,NA,NA,NA,0,0
"ZAF",2012,143,11.3,31,41.5,NA,NA,NA,0,0
"ZAF",2013,133,11.1,30.1,39.3,NA,NA,NA,0,0
"ZAF",2014,128,11,29.4,37.6,"Earthquake",1,0,0,0
"ZAF",2015,125,11.1,28.6,36.3,"Drought",0,1,0,1
"ZAF",2016,122,11.1,28,35.2,NA,NA,NA,3,0
"ZAF",2017,119,11.1,27.6,34.6,"Drought",0,1,0,1
"ZAF",2018,NA,11,26.9,33.9,NA,NA,NA,1,NA
"ZAF",2019,NA,10.8,26.3,33,"Drought",0,1,NA,NA
"ZMB",2000,528,34.3,90.2,155.9,NA,NA,NA,1,1
"ZMB",2001,491,33.3,85.3,146.9,NA,NA,NA,7,0
"ZMB",2002,465,31.9,79.2,136.1,NA,NA,NA,0,0
"ZMB",2003,453,30.5,73.2,125.4,NA,NA,NA,0,0
"ZMB",2004,437,29.1,67.1,115.2,NA,NA,NA,0,0
"ZMB",2005,421,27.9,61.9,106.2,NA,NA,NA,0,0
"ZMB",2006,406,27.1,58.4,98.5,NA,NA,NA,0,0
"ZMB",2007,387,26.6,56.7,93.2,NA,NA,NA,0,0
"ZMB",2008,356,26.3,54.5,88.7,NA,NA,NA,0,0
"ZMB",2009,329,26.1,52.9,83.6,NA,NA,NA,0,0
"ZMB",2010,305,26,51.2,79,NA,NA,NA,0,0
"ZMB",2011,283,25.8,50.1,76.8,NA,NA,NA,0,0
"ZMB",2012,267,25.6,49.1,74.7,NA,NA,NA,0,0
"ZMB",2013,254,25.5,46.6,71.1,NA,NA,NA,0,0
"ZMB",2014,242,25.4,46,68.3,NA,NA,NA,0,0
"ZMB",2015,232,25.3,46.9,67.7,NA,NA,NA,0,0
"ZMB",2016,222,25.2,45.6,65.3,NA,NA,NA,0,0
"ZMB",2017,213,25,44.3,64.6,NA,NA,NA,0,0
"ZMB",2018,NA,24.7,43.9,65.4,NA,NA,NA,0,NA
"ZMB",2019,NA,24.4,42.9,64.1,"Drought",0,1,NA,NA
"ZWE",2000,579,24.6,51.9,95.5,NA,NA,NA,0,0
"ZWE",2001,629,25.2,51.1,93.8,NA,NA,NA,0,0
"ZWE",2002,666,26.1,50.7,92.6,NA,NA,NA,0,0
"ZWE",2003,680,27.2,50.4,91.6,NA,NA,NA,0,0
"ZWE",2004,686,28.2,51.2,92.4,NA,NA,NA,0,0
"ZWE",2005,685,29.1,51.7,93.1,NA,NA,NA,0,0
"ZWE",2006,680,30,53.4,95,NA,NA,NA,0,0
"ZWE",2007,671,30.7,54.6,95.7,NA,NA,NA,0,1
"ZWE",2008,657,31.2,54.5,94.5,NA,NA,NA,253,0
"ZWE",2009,632,31.2,54,91.3,NA,NA,NA,0,0
"ZWE",2010,598,30.8,52.1,86.4,"Drought",0,1,0,1
"ZWE",2011,557,30.1,50.8,80.8,NA,NA,NA,1,1
"ZWE",2012,528,29.4,46.5,72.2,NA,NA,NA,1,0
"ZWE",2013,509,28.7,44.8,66.3,"Drought",0,1,0,0
"ZWE",2014,494,28.2,42.9,62.7,NA,NA,NA,0,0
"ZWE",2015,480,27.8,42.1,61.3,NA,NA,NA,0,0
"ZWE",2016,468,27.4,40.8,58.7,NA,NA,NA,0,0
"ZWE",2017,458,27,39.9,57,"Drought",0,1,0,1
"ZWE",2018,NA,26.6,38.8,54.8,NA,NA,NA,4,NA
"ZWE",2019,NA,26.2,38.1,54.2,NA,NA,NA,NA,NA
"ASM",2009,NA,NA,NA,NA,"Earthquake",1,0,NA,NA
"TWN",2010,NA,NA,NA,NA,"Earthquake",1,0,NA,NA
"TUV",2011,NA,NA,NA,NA,"Drought",0,1,NA,NA
"TWN",2013,NA,NA,NA,NA,"Earthquake",1,0,NA,NA
"TWN",2013,NA,NA,NA,NA,"Earthquake",1,0,NA,NA
"TWN",2016,NA,NA,NA,NA,"Earthquake",1,0,NA,NA
"TWN",2018,NA,NA,NA,NA,"Earthquake",1,0,NA,NA
"PLW",2015,NA,NA,NA,NA,"Drought",0,1,NA,NA
"AFG",1999,NA,NA,NA,NA,NA,NA,NA,5065,1
"AGO",1999,NA,NA,NA,NA,NA,NA,NA,2666,1
"ALB",1999,NA,NA,NA,NA,NA,NA,NA,6,0
"AND",1999,NA,NA,NA,NA,NA,NA,NA,0,0
"ARE",1999,NA,NA,NA,NA,NA,NA,NA,0,0
"ARG",1999,NA,NA,NA,NA,NA,NA,NA,0,0
"ARM",1999,NA,NA,NA,NA,NA,NA,NA,0,0
"ATG",1999,NA,NA,NA,NA,NA,NA,NA,0,0
"AUS",1999,NA,NA,NA,NA,NA,NA,NA,0,0
"AUT",1999,NA,NA,NA,NA,NA,NA,NA,0,0
"AZE",1999,NA,NA,NA,NA,NA,NA,NA,18,1
"BDI",1999,NA,NA,NA,NA,NA,NA,NA,1009,1
"BEL",1999,NA,NA,NA,NA,NA,NA,NA,0,0
"BEN",1999,NA,NA,NA,NA,NA,NA,NA,0,0
"BFA",1999,NA,NA,NA,NA,NA,NA,NA,0,0
"BGD",1999,NA,NA,NA,NA,NA,NA,NA,14,1
"BGR",1999,NA,NA,NA,NA,NA,NA,NA,0,0
"BHR",1999,NA,NA,NA,NA,NA,NA,NA,0,0
"BHS",1999,NA,NA,NA,NA,NA,NA,NA,0,0
"BIH",1999,NA,NA,NA,NA,NA,NA,NA,0,0
"BLR",1999,NA,NA,NA,NA,NA,NA,NA,0,0
"BLZ",1999,NA,NA,NA,NA,NA,NA,NA,0,0
"BOL",1999,NA,NA,NA,NA,NA,NA,NA,0,1
"BRA",1999,NA,NA,NA,NA,NA,NA,NA,62,1
"BRB",1999,NA,NA,NA,NA,NA,NA,NA,0,0
"BRN",1999,NA,NA,NA,NA,NA,NA,NA,0,0
"BTN",1999,NA,NA,NA,NA,NA,NA,NA,0,0
"BWA",1999,NA,NA,NA,NA,NA,NA,NA,0,0
"CAF",1999,NA,NA,NA,NA,NA,NA,NA,5,1
"CAN",1999,NA,NA,NA,NA,NA,NA,NA,11,1
"CHE",1999,NA,NA,NA,NA,NA,NA,NA,0,0
"CHL",1999,NA,NA,NA,NA,NA,NA,NA,0,0
"CHN",1999,NA,NA,NA,NA,NA,NA,NA,0,0
"CIV",1999,NA,NA,NA,NA,NA,NA,NA,0,1
"CMR",1999,NA,NA,NA,NA,NA,NA,NA,0,1
"COD",1999,NA,NA,NA,NA,NA,NA,NA,7541,1
"COG",1999,NA,NA,NA,NA,NA,NA,NA,948,0
"COL",1999,NA,NA,NA,NA,NA,NA,NA,2093,1
"COM",1999,NA,NA,NA,NA,NA,NA,NA,0,0
"CPV",1999,NA,NA,NA,NA,NA,NA,NA,0,0
"CRI",1999,NA,NA,NA,NA,NA,NA,NA,0,0
"CUB",1999,NA,NA,NA,NA,NA,NA,NA,0,0
"CYP",1999,NA,NA,NA,NA,NA,NA,NA,0,0
"CZE",1999,NA,NA,NA,NA,NA,NA,NA,0,0
"DEU",1999,NA,NA,NA,NA,NA,NA,NA,0,0
"DJI",1999,NA,NA,NA,NA,NA,NA,NA,25,0
"DMA",1999,NA,NA,NA,NA,NA,NA,NA,0,0
"DNK",1999,NA,NA,NA,NA,NA,NA,NA,0,0
"DOM",1999,NA,NA,NA,NA,NA,NA,NA,0,0
"DZA",1999,NA,NA,NA,NA,NA,NA,NA,1168,1
"ECU",1999,NA,NA,NA,NA,NA,NA,NA,0,0
"EGY",1999,NA,NA,NA,NA,NA,NA,NA,4,1
"ERI",1999,NA,NA,NA,NA,NA,NA,NA,17203,1
"ESP",1999,NA,NA,NA,NA,NA,NA,NA,0,1
"EST",1999,NA,NA,NA,NA,NA,NA,NA,0,0
"ETH",1999,NA,NA,NA,NA,NA,NA,NA,30786,1
"FIN",1999,NA,NA,NA,NA,NA,NA,NA,0,0
"FJI",1999,NA,NA,NA,NA,NA,NA,NA,0,0
"FRA",1999,NA,NA,NA,NA,NA,NA,NA,0,0
"FSM",1999,NA,NA,NA,NA,NA,NA,NA,0,0
"GAB",1999,NA,NA,NA,NA,NA,NA,NA,0,0
"GBR",1999,NA,NA,NA,NA,NA,NA,NA,0,1
"GEO",1999,NA,NA,NA,NA,NA,NA,NA,0,0
"GHA",1999,NA,NA,NA,NA,NA,NA,NA,0,1
"GIN",1999,NA,NA,NA,NA,NA,NA,NA,13,1
"GMB",1999,NA,NA,NA,NA,NA,NA,NA,0,0
"GNB",1999,NA,NA,NA,NA,NA,NA,NA,199,0
"GNQ",1999,NA,NA,NA,NA,NA,NA,NA,0,0
"GRC",1999,NA,NA,NA,NA,NA,NA,NA,0,0
"GRD",1999,NA,NA,NA,NA,NA,NA,NA,0,0
"GTM",1999,NA,NA,NA,NA,NA,NA,NA,0,0
"GUY",1999,NA,NA,NA,NA,NA,NA,NA,0,0
"HND",1999,NA,NA,NA,NA,NA,NA,NA,9,1
"HRV",1999,NA,NA,NA,NA,NA,NA,NA,0,0
"HTI",1999,NA,NA,NA,NA,NA,NA,NA,11,0
"HUN",1999,NA,NA,NA,NA,NA,NA,NA,0,0
"IDN",1999,NA,NA,NA,NA,NA,NA,NA,1805,1
"IND",1999,NA,NA,NA,NA,NA,NA,NA,2563,1
"IRL",1999,NA,NA,NA,NA,NA,NA,NA,0,0
"IRN",1999,NA,NA,NA,NA,NA,NA,NA,19,1
"IRQ",1999,NA,NA,NA,NA,NA,NA,NA,308,1
"ISL",1999,NA,NA,NA,NA,NA,NA,NA,0,0
"ITA",1999,NA,NA,NA,NA,NA,NA,NA,0,0
"JAM",1999,NA,NA,NA,NA,NA,NA,NA,0,0
"JOR",1999,NA,NA,NA,NA,NA,NA,NA,0,0
"JPN",1999,NA,NA,NA,NA,NA,NA,NA,0,0
"KAZ",1999,NA,NA,NA,NA,NA,NA,NA,0,0
"KEN",1999,NA,NA,NA,NA,NA,NA,NA,229,1
"KGZ",1999,NA,NA,NA,NA,NA,NA,NA,14,1
"KHM",1999,NA,NA,NA,NA,NA,NA,NA,0,1
"KIR",1999,NA,NA,NA,NA,NA,NA,NA,0,0
"KOR",1999,NA,NA,NA,NA,NA,NA,NA,0,0
"KWT",1999,NA,NA,NA,NA,NA,NA,NA,0,0
"LAO",1999,NA,NA,NA,NA,NA,NA,NA,2,1
"LBN",1999,NA,NA,NA,NA,NA,NA,NA,74,1
"LBR",1999,NA,NA,NA,NA,NA,NA,NA,70,1
"LBY",1999,NA,NA,NA,NA,NA,NA,NA,0,0
"LCA",1999,NA,NA,NA,NA,NA,NA,NA,0,0
"LKA",1999,NA,NA,NA,NA,NA,NA,NA,1948,1
"LSO",1999,NA,NA,NA,NA,NA,NA,NA,0,0
"LTU",1999,NA,NA,NA,NA,NA,NA,NA,0,0
"LUX",1999,NA,NA,NA,NA,NA,NA,NA,0,0
"LVA",1999,NA,NA,NA,NA,NA,NA,NA,0,0
"MAR",1999,NA,NA,NA,NA,NA,NA,NA,0,0
"MDA",1999,NA,NA,NA,NA,NA,NA,NA,0,0
"MDG",1999,NA,NA,NA,NA,NA,NA,NA,0,0
"MDV",1999,NA,NA,NA,NA,NA,NA,NA,0,0
"MEX",1999,NA,NA,NA,NA,NA,NA,NA,0,0
"MHL",1999,NA,NA,NA,NA,NA,NA,NA,0,0
"MKD",1999,NA,NA,NA,NA,NA,NA,NA,6,1
"MLI",1999,NA,NA,NA,NA,NA,NA,NA,59,0
"MLT",1999,NA,NA,NA,NA,NA,NA,NA,0,0
"MMR",1999,NA,NA,NA,NA,NA,NA,NA,369,1
"MNE",1999,NA,NA,NA,NA,NA,NA,NA,0,0
"MNG",1999,NA,NA,NA,NA,NA,NA,NA,0,0
"MOZ",1999,NA,NA,NA,NA,NA,NA,NA,0,0
"MRT",1999,NA,NA,NA,NA,NA,NA,NA,0,0
"MUS",1999,NA,NA,NA,NA,NA,NA,NA,0,0
"MWI",1999,NA,NA,NA,NA,NA,NA,NA,0,0
"MYS",1999,NA,NA,NA,NA,NA,NA,NA,0,0
"NAM",1999,NA,NA,NA,NA,NA,NA,NA,1,1
"NER",1999,NA,NA,NA,NA,NA,NA,NA,0,0
"NGA",1999,NA,NA,NA,NA,NA,NA,NA,3519,1
"NIC",1999,NA,NA,NA,NA,NA,NA,NA,0,0
"NLD",1999,NA,NA,NA,NA,NA,NA,NA,0,0
"NOR",1999,NA,NA,NA,NA,NA,NA,NA,0,0
"NPL",1999,NA,NA,NA,NA,NA,NA,NA,295,1
"NZL",1999,NA,NA,NA,NA,NA,NA,NA,0,0
"OMN",1999,NA,NA,NA,NA,NA,NA,NA,0,0
"PAK",1999,NA,NA,NA,NA,NA,NA,NA,57,1
"PAN",1999,NA,NA,NA,NA,NA,NA,NA,0,0
"PER",1999,NA,NA,NA,NA,NA,NA,NA,89,1
"PHL",1999,NA,NA,NA,NA,NA,NA,NA,219,1
"PNG",1999,NA,NA,NA,NA,NA,NA,NA,60,1
"POL",1999,NA,NA,NA,NA,NA,NA,NA,0,0
"PRI",1999,NA,NA,NA,NA,NA,NA,NA,0,0
"PRK",1999,NA,NA,NA,NA,NA,NA,NA,0,0
"PRT",1999,NA,NA,NA,NA,NA,NA,NA,0,0
"PRY",1999,NA,NA,NA,NA,NA,NA,NA,0,0
"QAT",1999,NA,NA,NA,NA,NA,NA,NA,0,0
"ROU",1999,NA,NA,NA,NA,NA,NA,NA,0,0
"RUS",1999,NA,NA,NA,NA,NA,NA,NA,6197,1
"RWA",1999,NA,NA,NA,NA,NA,NA,NA,29,0
"SAU",1999,NA,NA,NA,NA,NA,NA,NA,0,0
"SDN",1999,NA,NA,NA,NA,NA,NA,NA,2067,1
"SEN",1999,NA,NA,NA,NA,NA,NA,NA,31,1
"SGP",1999,NA,NA,NA,NA,NA,NA,NA,0,0
"SLB",1999,NA,NA,NA,NA,NA,NA,NA,0,0
"SLE",1999,NA,NA,NA,NA,NA,NA,NA,4493,1
"SLV",1999,NA,NA,NA,NA,NA,NA,NA,0,0
"SOM",1999,NA,NA,NA,NA,NA,NA,NA,542,1
"SRB",1999,NA,NA,NA,NA,NA,NA,NA,2173,0
"SSD",1999,NA,NA,NA,NA,NA,NA,NA,0,0
"STP",1999,NA,NA,NA,NA,NA,NA,NA,0,0
"SUR",1999,NA,NA,NA,NA,NA,NA,NA,0,0
"SVK",1999,NA,NA,NA,NA,NA,NA,NA,0,0
"SVN",1999,NA,NA,NA,NA,NA,NA,NA,0,0
"SWE",1999,NA,NA,NA,NA,NA,NA,NA,0,0
"SWZ",1999,NA,NA,NA,NA,NA,NA,NA,0,0
"SYC",1999,NA,NA,NA,NA,NA,NA,NA,0,0
"SYR",1999,NA,NA,NA,NA,NA,NA,NA,0,0
"TCD",1999,NA,NA,NA,NA,NA,NA,NA,394,1
"TGO",1999,NA,NA,NA,NA,NA,NA,NA,0,0
"THA",1999,NA,NA,NA,NA,NA,NA,NA,1,1
"TJK",1999,NA,NA,NA,NA,NA,NA,NA,4,1
"TKM",1999,NA,NA,NA,NA,NA,NA,NA,0,0
"TLS",1999,NA,NA,NA,NA,NA,NA,NA,0,0
"TON",1999,NA,NA,NA,NA,NA,NA,NA,0,0
"TTO",1999,NA,NA,NA,NA,NA,NA,NA,0,0
"TUN",1999,NA,NA,NA,NA,NA,NA,NA,0,0
"TUR",1999,NA,NA,NA,NA,NA,NA,NA,1195,1
"TZA",1999,NA,NA,NA,NA,NA,NA,NA,0,0
"UGA",1999,NA,NA,NA,NA,NA,NA,NA,1024,1
"UKR",1999,NA,NA,NA,NA,NA,NA,NA,0,0
"URY",1999,NA,NA,NA,NA,NA,NA,NA,0,0
"USA",1999,NA,NA,NA,NA,NA,NA,NA,0,0
"UZB",1999,NA,NA,NA,NA,NA,NA,NA,50,1
"VCT",1999,NA,NA,NA,NA,NA,NA,NA,0,0
"VEN",1999,NA,NA,NA,NA,NA,NA,NA,26,1
"VNM",1999,NA,NA,NA,NA,NA,NA,NA,0,0
"VUT",1999,NA,NA,NA,NA,NA,NA,NA,0,0
"WSM",1999,NA,NA,NA,NA,NA,NA,NA,0,0
"YEM",1999,NA,NA,NA,NA,NA,NA,NA,0,0
"ZAF",1999,NA,NA,NA,NA,NA,NA,NA,19,0
"ZMB",1999,NA,NA,NA,NA,NA,NA,NA,0,1
"ZWE",1999,NA,NA,NA,NA,NA,NA,NA,1,0
